State,Year,Epi_Week,Month,Suspected_Cases,Deaths,CFR,RDT_Tested,RDT_Positive_Pct,Culture_Tested,Culture_Positive_Pct,Weekly_Cases,Weekly_Deaths,Weekly_CFR,Weekly_RDT_Tested,Weekly_RDT_Positive,Layout,Confidence,Extraction_Method,Source_URL,monotonic_ok
Abia,2021,46,November,97.0,3.0,3.1,5.0,40.0,5.0,40.0,,,,,,B,high,text_cluster_ocr,https://ncdc.gov.ng/themes/common/files/sitreps/b6be779c78ae3b9f4f3c87f484d62216.pdf,True
Abia,2021,47,November,97.0,3.0,3.1,5.0,40.0,5.0,40.0,,,,,,B,high,text_cluster_plaintext,https://ncdc.gov.ng/themes/common/files/sitreps/09b6fefce77c74101b77e453f4dca7fb.pdf,True
Adamawa,2021,29,July,12.0,0.0,0.0,4.0,,0.0,,2.0,0.0,0.0,0.0,0.0,A,high,text_cluster_plaintext,https://ncdc.gov.ng/themes/common/files/sitreps/a598a4cc115a8f7ce5befe4087f4330c.pdf,True
Adamawa,2021,30,July,13.0,0.0,0.0,4.0,,0.0,,1.0,0.0,0.0,0.0,0.0,A,high,text_cluster_plaintext,https://ncdc.gov.ng/themes/common/files/sitreps/8a9f2ce7de14b5b879eda514372113f4.pdf,True
Adamawa,2021,34,August,134.0,5.0,3.7,52.0,75.0,52.0,73.0,,,,,,B,high,text_cluster_plaintext,https://ncdc.gov.ng/themes/common/files/sitreps/2fa7f5799999a81a439b196483cb77c3.pdf,True
Adamawa,2021,35,August,170.0,7.0,4.1,54.0,76.0,54.0,74.0,,,,,,B,high,text_cluster_ocr,https://ncdc.gov.ng/themes/common/files/sitreps/acef26fb390180b7519ebcce0fba8637.pdf,True
Adamawa,2021,36,September,260.0,13.0,5.0,67.0,70.0,59.0,69.0,,,,,,B,high,text_cluster_ocr,https://ncdc.gov.ng/themes/common/files/sitreps/a6a4a8307c131dff6661db51de1b169a.pdf,True
Adamawa,2021,37,September,371.0,21.0,5.7,112.0,71.0,85.0,72.0,,,,,,B,high,text_cluster_ocr,https://ncdc.gov.ng/themes/common/files/sitreps/a708ecdfccdb7c7be5b6087dd5d29e6d.pdf,True
Adamawa,2021,46,November,1131.0,40.0,3.5,218.0,63.0,94.0,65.0,,,,,,B,high,text_cluster_ocr,https://ncdc.gov.ng/themes/common/files/sitreps/b6be779c78ae3b9f4f3c87f484d62216.pdf,True
Adamawa,2021,47,November,1563.0,51.0,3.3,251.0,64.0,95.0,64.0,,,,,,B,high,text_cluster_plaintext,https://ncdc.gov.ng/themes/common/files/sitreps/09b6fefce77c74101b77e453f4dca7fb.pdf,True
Bauchi,2021,24,June,2315.0,36.0,1.6,,,,,,,,,,B,reassembled,text_cluster_plaintext,https://ncdc.gov.ng/themes/common/files/sitreps/8c04f2a073c67e11c08a4e2d37a3124b.pdf,True
Bauchi,2021,25,June,3617.0,41.0,1.1,10.0,,0.0,,1239.0,5.0,0.4,0.0,0.0,A,high,text_cluster_plaintext,https://ncdc.gov.ng/themes/common/files/sitreps/1d3271f656ea9bd07f3c9885a0b5a26c.pdf,True
Bauchi,2021,27,July,6271.0,66.0,1.1,10.0,,0.0,,1364.0,13.0,1.0,0.0,0.0,A,high,text_cluster_plaintext,https://ncdc.gov.ng/themes/common/files/sitreps/33f6e05763910a9b3782c5f6455d0844.pdf,True
Bauchi,2021,29,July,9405.0,87.0,1.0,10.0,,0.0,,280.0,0.0,0.0,0.0,0.0,A,high,text_cluster_plaintext,https://ncdc.gov.ng/themes/common/files/sitreps/a598a4cc115a8f7ce5befe4087f4330c.pdf,True
Bauchi,2021,34,August,17120.0,230.0,1.3,8.0,100.0,,,,,,,,B,high,text_cluster_plaintext,https://ncdc.gov.ng/themes/common/files/sitreps/2fa7f5799999a81a439b196483cb77c3.pdf,True
Bauchi,2021,35,August,18132.0,251.0,1.4,8.0,100.0,,,,,,,,B,high,text_cluster_ocr,https://ncdc.gov.ng/themes/common/files/sitreps/acef26fb390180b7519ebcce0fba8637.pdf,True
Bauchi,2021,36,September,18822.0,247.0,1.3,107.0,68.0,29.0,86.0,,,,,,B,high,text_cluster_ocr,https://ncdc.gov.ng/themes/common/files/sitreps/a6a4a8307c131dff6661db51de1b169a.pdf,False
Bauchi,2021,37,September,19309.0,255.0,1.3,162.0,63.0,25.0,100.0,,,,,,B,high,text_cluster_ocr,https://ncdc.gov.ng/themes/common/files/sitreps/a708ecdfccdb7c7be5b6087dd5d29e6d.pdf,True
Bauchi,2021,46,November,19470.0,320.0,1.6,152.0,67.0,25.0,100.0,,,,,,B,high,text_cluster_ocr,https://ncdc.gov.ng/themes/common/files/sitreps/b6be779c78ae3b9f4f3c87f484d62216.pdf,True
Bayelsa,2021,1,January,58.0,6.0,10.3,,,,,,,,,,B,reassembled,text_cluster_plaintext,https://ncdc.gov.ng/themes/common/files/sitreps/f6602dae8b376c69fbc2623eac432251.pdf,True
Bayelsa,2021,24,June,258.0,15.0,5.8,,,,,,,,,,B,reassembled,text_cluster_plaintext,https://ncdc.gov.ng/themes/common/files/sitreps/8c04f2a073c67e11c08a4e2d37a3124b.pdf,True
Bayelsa,2021,25,June,258.0,15.0,5.8,8.0,,0.0,,0.0,0.0,0.0,0.0,0.0,A,high,text_cluster_plaintext,https://ncdc.gov.ng/themes/common/files/sitreps/1d3271f656ea9bd07f3c9885a0b5a26c.pdf,True
Bayelsa,2021,27,July,258.0,15.0,5.8,8.0,,0.0,,0.0,0.0,0.0,0.0,0.0,A,high,text_cluster_plaintext,https://ncdc.gov.ng/themes/common/files/sitreps/33f6e05763910a9b3782c5f6455d0844.pdf,True
Bayelsa,2021,29,July,258.0,15.0,5.8,8.0,,0.0,,0.0,0.0,0.0,0.0,0.0,A,high,text_cluster_plaintext,https://ncdc.gov.ng/themes/common/files/sitreps/a598a4cc115a8f7ce5befe4087f4330c.pdf,True
Bayelsa,2021,30,July,258.0,15.0,5.8,8.0,,0.0,,0.0,0.0,0.0,0.0,0.0,A,high,text_cluster_plaintext,https://ncdc.gov.ng/themes/common/files/sitreps/8a9f2ce7de14b5b879eda514372113f4.pdf,True
Bayelsa,2021,34,August,256.0,15.0,5.9,4.0,75.0,8.0,0.0,,,,,,B,high,text_cluster_plaintext,https://ncdc.gov.ng/themes/common/files/sitreps/2fa7f5799999a81a439b196483cb77c3.pdf,False
Bayelsa,2021,35,August,256.0,15.0,5.9,4.0,75.0,8.0,0.0,,,,,,B,high,text_cluster_ocr,https://ncdc.gov.ng/themes/common/files/sitreps/acef26fb390180b7519ebcce0fba8637.pdf,True
Bayelsa,2021,36,September,256.0,15.0,5.9,4.0,75.0,8.0,0.0,,,,,,B,high,text_cluster_ocr,https://ncdc.gov.ng/themes/common/files/sitreps/a6a4a8307c131dff6661db51de1b169a.pdf,True
Bayelsa,2021,37,September,256.0,15.0,5.9,4.0,75.0,8.0,0.0,,,,,,B,high,text_cluster_ocr,https://ncdc.gov.ng/themes/common/files/sitreps/a708ecdfccdb7c7be5b6087dd5d29e6d.pdf,True
Bayelsa,2021,46,November,440.0,23.0,5.2,8.0,75.0,6.0,0.0,,,,,,B,high,text_cluster_ocr,https://ncdc.gov.ng/themes/common/files/sitreps/b6be779c78ae3b9f4f3c87f484d62216.pdf,True
Bayelsa,2021,47,November,440.0,23.0,5.2,8.0,75.0,6.0,0.0,,,,,,B,reassembled,text_cluster_plaintext,https://ncdc.gov.ng/themes/common/files/sitreps/09b6fefce77c74101b77e453f4dca7fb.pdf,True
Benue,2021,1,January,556.0,6.0,1.1,,,,,,,,,,B,reassembled,text_cluster_plaintext,https://ncdc.gov.ng/themes/common/files/sitreps/f6602dae8b376c69fbc2623eac432251.pdf,True
Benue,2021,24,June,602.0,12.0,2.0,,,,,,,,,,B,reassembled,text_cluster_plaintext,https://ncdc.gov.ng/themes/common/files/sitreps/8c04f2a073c67e11c08a4e2d37a3124b.pdf,True
Benue,2021,25,June,602.0,12.0,2.0,23.0,,4.0,,0.0,0.0,0.0,0.0,0.0,A,high,text_cluster_plaintext,https://ncdc.gov.ng/themes/common/files/sitreps/1d3271f656ea9bd07f3c9885a0b5a26c.pdf,True
Benue,2021,27,July,602.0,12.0,2.0,23.0,,4.0,,0.0,0.0,0.0,0.0,0.0,A,high,text_cluster_plaintext,https://ncdc.gov.ng/themes/common/files/sitreps/33f6e05763910a9b3782c5f6455d0844.pdf,True
Benue,2021,29,July,602.0,12.0,2.0,23.0,,4.0,,0.0,0.0,0.0,0.0,0.0,A,high,text_cluster_plaintext,https://ncdc.gov.ng/themes/common/files/sitreps/a598a4cc115a8f7ce5befe4087f4330c.pdf,True
Benue,2021,30,July,602.0,12.0,2.0,23.0,,4.0,,0.0,0.0,0.0,0.0,0.0,A,high,text_cluster_plaintext,https://ncdc.gov.ng/themes/common/files/sitreps/8a9f2ce7de14b5b879eda514372113f4.pdf,True
Benue,2021,34,August,539.0,5.0,0.9,17.0,100.0,4.0,100.0,,,,,,B,high,text_cluster_plaintext,https://ncdc.gov.ng/themes/common/files/sitreps/2fa7f5799999a81a439b196483cb77c3.pdf,False
Benue,2021,35,August,539.0,5.0,0.9,17.0,100.0,4.0,100.0,,,,,,B,high,text_cluster_ocr,https://ncdc.gov.ng/themes/common/files/sitreps/acef26fb390180b7519ebcce0fba8637.pdf,True
Benue,2021,36,September,539.0,5.0,0.9,17.0,100.0,4.0,100.0,,,,,,B,high,text_cluster_ocr,https://ncdc.gov.ng/themes/common/files/sitreps/a6a4a8307c131dff6661db51de1b169a.pdf,True
Benue,2021,37,September,539.0,5.0,0.9,17.0,100.0,4.0,100.0,,,,,,B,high,text_cluster_ocr,https://ncdc.gov.ng/themes/common/files/sitreps/a708ecdfccdb7c7be5b6087dd5d29e6d.pdf,True
Benue,2021,46,November,602.0,12.0,2.0,23.0,87.0,4.0,100.0,,,,,,B,high,text_cluster_ocr,https://ncdc.gov.ng/themes/common/files/sitreps/b6be779c78ae3b9f4f3c87f484d62216.pdf,True
Benue,2021,47,November,624.0,12.0,1.9,30.0,67.0,4.0,100.0,,,,,,B,reassembled,text_cluster_plaintext,https://ncdc.gov.ng/themes/common/files/sitreps/09b6fefce77c74101b77e453f4dca7fb.pdf,True
Borno,2021,29,July,51.0,1.0,2.0,6.0,,3.0,,11.0,0.0,0.0,0.0,0.0,A,high,text_cluster_plaintext,https://ncdc.gov.ng/themes/common/files/sitreps/a598a4cc115a8f7ce5befe4087f4330c.pdf,True
Borno,2021,34,August,287.0,25.0,8.7,16.0,88.0,10.0,60.0,,,,,,B,high,text_cluster_plaintext,https://ncdc.gov.ng/themes/common/files/sitreps/2fa7f5799999a81a439b196483cb77c3.pdf,True
Borno,2021,35,August,719.0,56.0,7.8,719.0,3.0,11.0,55.0,,,,,,B,high,text_cluster_ocr,https://ncdc.gov.ng/themes/common/files/sitreps/acef26fb390180b7519ebcce0fba8637.pdf,True
Borno,2021,36,September,1011.0,66.0,6.5,30.0,90.0,9.0,67.0,,,,,,B,high,text_cluster_ocr,https://ncdc.gov.ng/themes/common/files/sitreps/a6a4a8307c131dff6661db51de1b169a.pdf,True
Borno,2021,37,September,1307.0,81.0,6.2,10.0,60.0,,,,,,,,B,high,text_cluster_ocr,https://ncdc.gov.ng/themes/common/files/sitreps/a708ecdfccdb7c7be5b6087dd5d29e6d.pdf,True
Borno,2021,46,November,4604.0,138.0,3.0,1230.0,11.0,237.0,25.0,,,,,,B,high,text_cluster_ocr,https://ncdc.gov.ng/themes/common/files/sitreps/b6be779c78ae3b9f4f3c87f484d62216.pdf,True
Cross River,2021,24,June,31.0,0.0,0.0,,,,,,,,,,B,reassembled,text_cluster_plaintext,https://ncdc.gov.ng/themes/common/files/sitreps/8c04f2a073c67e11c08a4e2d37a3124b.pdf,True
Cross River,2021,25,June,31.0,0.0,0.0,0.0,,2.0,,0.0,0.0,0.0,0.0,0.0,A,high,text_cluster_plaintext,https://ncdc.gov.ng/themes/common/files/sitreps/1d3271f656ea9bd07f3c9885a0b5a26c.pdf,True
Cross River,2021,27,July,31.0,0.0,0.0,0.0,,2.0,,0.0,0.0,0.0,0.0,0.0,A,high,text_cluster_plaintext,https://ncdc.gov.ng/themes/common/files/sitreps/33f6e05763910a9b3782c5f6455d0844.pdf,True
Cross River,2021,29,July,31.0,0.0,0.0,0.0,,2.0,,0.0,0.0,0.0,0.0,0.0,A,high,text_cluster_plaintext,https://ncdc.gov.ng/themes/common/files/sitreps/a598a4cc115a8f7ce5befe4087f4330c.pdf,True
Cross River,2021,30,July,31.0,0.0,0.0,0.0,,2.0,,0.0,0.0,0.0,0.0,0.0,A,high,text_cluster_plaintext,https://ncdc.gov.ng/themes/common/files/sitreps/8a9f2ce7de14b5b879eda514372113f4.pdf,True
Cross River,2021,34,August,64.0,1.0,1.6,3.0,67.0,,,,,,,,B,high,text_cluster_plaintext,https://ncdc.gov.ng/themes/common/files/sitreps/2fa7f5799999a81a439b196483cb77c3.pdf,True
Cross River,2021,35,August,64.0,1.0,1.6,3.0,67.0,,,,,,,,B,high,text_cluster_ocr,https://ncdc.gov.ng/themes/common/files/sitreps/acef26fb390180b7519ebcce0fba8637.pdf,True
Cross River,2021,36,September,64.0,1.0,1.6,3.0,67.0,,,,,,,,B,high,text_cluster_ocr,https://ncdc.gov.ng/themes/common/files/sitreps/a6a4a8307c131dff6661db51de1b169a.pdf,True
Cross River,2021,37,September,64.0,1.0,1.6,3.0,67.0,,,,,,,,B,high,text_cluster_ocr,https://ncdc.gov.ng/themes/common/files/sitreps/a708ecdfccdb7c7be5b6087dd5d29e6d.pdf,True
Cross River,2021,46,November,74.0,3.0,4.1,1.0,0.0,3.0,67.0,,,,,,B,high,text_cluster_ocr,https://ncdc.gov.ng/themes/common/files/sitreps/b6be779c78ae3b9f4f3c87f484d62216.pdf,True
Cross River,2021,47,November,97.0,4.0,4.1,4.0,75.0,6.0,33.0,,,,,,B,high,text_cluster_plaintext,https://ncdc.gov.ng/themes/common/files/sitreps/09b6fefce77c74101b77e453f4dca7fb.pdf,True
Delta,2021,1,January,427.0,22.0,5.2,,,,,,,,,,B,reassembled,text_cluster_plaintext,https://ncdc.gov.ng/themes/common/files/sitreps/f6602dae8b376c69fbc2623eac432251.pdf,True
Delta,2021,24,June,583.0,32.0,5.5,,,,,,,,,,B,reassembled,text_cluster_plaintext,https://ncdc.gov.ng/themes/common/files/sitreps/8c04f2a073c67e11c08a4e2d37a3124b.pdf,True
Delta,2021,25,June,583.0,32.0,5.5,0.0,,7.0,,0.0,0.0,0.0,0.0,0.0,A,high,text_cluster_plaintext,https://ncdc.gov.ng/themes/common/files/sitreps/1d3271f656ea9bd07f3c9885a0b5a26c.pdf,True
Delta,2021,27,July,583.0,32.0,5.5,0.0,,7.0,,0.0,0.0,0.0,0.0,0.0,A,high,text_cluster_plaintext,https://ncdc.gov.ng/themes/common/files/sitreps/33f6e05763910a9b3782c5f6455d0844.pdf,True
Delta,2021,29,July,583.0,32.0,5.5,0.0,,7.0,,0.0,0.0,0.0,0.0,0.0,A,high,text_cluster_plaintext,https://ncdc.gov.ng/themes/common/files/sitreps/a598a4cc115a8f7ce5befe4087f4330c.pdf,True
Delta,2021,30,July,583.0,32.0,5.5,0.0,,7.0,,0.0,0.0,0.0,0.0,0.0,A,high,text_cluster_plaintext,https://ncdc.gov.ng/themes/common/files/sitreps/8a9f2ce7de14b5b879eda514372113f4.pdf,True
Delta,2021,34,August,567.0,30.0,5.3,5.0,40.0,,,,,,,,B,high,text_cluster_plaintext,https://ncdc.gov.ng/themes/common/files/sitreps/2fa7f5799999a81a439b196483cb77c3.pdf,False
Delta,2021,35,August,567.0,30.0,5.3,5.0,40.0,,,,,,,,B,high,text_cluster_ocr,https://ncdc.gov.ng/themes/common/files/sitreps/acef26fb390180b7519ebcce0fba8637.pdf,True
Delta,2021,36,September,567.0,30.0,5.3,5.0,40.0,,,,,,,,B,high,text_cluster_ocr,https://ncdc.gov.ng/themes/common/files/sitreps/a6a4a8307c131dff6661db51de1b169a.pdf,True
Delta,2021,37,September,567.0,30.0,5.3,5.0,40.0,,,,,,,,B,high,text_cluster_ocr,https://ncdc.gov.ng/themes/common/files/sitreps/a708ecdfccdb7c7be5b6087dd5d29e6d.pdf,True
Delta,2021,46,November,578.0,31.0,5.4,5.0,40.0,,,,,,,,B,high,text_cluster_ocr,https://ncdc.gov.ng/themes/common/files/sitreps/b6be779c78ae3b9f4f3c87f484d62216.pdf,True
Delta,2021,47,November,578.0,31.0,5.4,5.0,40.0,,,,,,,,B,reassembled,text_cluster_plaintext,https://ncdc.gov.ng/themes/common/files/sitreps/09b6fefce77c74101b77e453f4dca7fb.pdf,True
Ebonyi,2021,46,November,175.0,23.0,13.1,3.0,100.0,,,,,,,,B,high,text_cluster_ocr,https://ncdc.gov.ng/themes/common/files/sitreps/b6be779c78ae3b9f4f3c87f484d62216.pdf,True
Ebonyi,2021,47,November,175.0,23.0,13.1,3.0,100.0,,,,,,,,B,reassembled,text_cluster_plaintext,https://ncdc.gov.ng/themes/common/files/sitreps/09b6fefce77c74101b77e453f4dca7fb.pdf,True
Ekiti,2021,35,August,11.0,3.0,27.3,2.0,100.0,2.0,100.0,,,,,,B,high,text_cluster_ocr,https://ncdc.gov.ng/themes/common/files/sitreps/acef26fb390180b7519ebcce0fba8637.pdf,True
Ekiti,2021,36,September,11.0,3.0,27.3,2.0,100.0,2.0,100.0,,,,,,B,high,text_cluster_ocr,https://ncdc.gov.ng/themes/common/files/sitreps/a6a4a8307c131dff6661db51de1b169a.pdf,True
Ekiti,2021,46,November,21.0,4.0,19.0,5.0,80.0,8.0,25.0,,,,,,B,high,text_cluster_ocr,https://ncdc.gov.ng/themes/common/files/sitreps/b6be779c78ae3b9f4f3c87f484d62216.pdf,True
Ekiti,2021,47,November,26.0,4.0,15.4,5.0,80.0,8.0,25.0,,,,,,B,high,text_cluster_plaintext,https://ncdc.gov.ng/themes/common/files/sitreps/09b6fefce77c74101b77e453f4dca7fb.pdf,True
Enugu,2021,29,July,127.0,13.0,10.2,7.0,,0.0,,30.0,0.0,0.0,0.0,0.0,A,high,text_cluster_plaintext,https://ncdc.gov.ng/themes/common/files/sitreps/a598a4cc115a8f7ce5befe4087f4330c.pdf,True
Enugu,2021,30,July,127.0,13.0,10.2,7.0,,0.0,,0.0,0.0,0.0,0.0,0.0,A,high,text_cluster_plaintext,https://ncdc.gov.ng/themes/common/files/sitreps/8a9f2ce7de14b5b879eda514372113f4.pdf,True
Enugu,2021,34,August,127.0,13.0,10.2,7.0,100.0,,,,,,,,B,high,text_cluster_plaintext,https://ncdc.gov.ng/themes/common/files/sitreps/2fa7f5799999a81a439b196483cb77c3.pdf,True
Enugu,2021,35,August,127.0,13.0,10.2,7.0,100.0,,,,,,,,B,high,text_cluster_ocr,https://ncdc.gov.ng/themes/common/files/sitreps/acef26fb390180b7519ebcce0fba8637.pdf,True
Enugu,2021,36,September,127.0,13.0,10.2,7.0,100.0,,,,,,,,B,high,text_cluster_ocr,https://ncdc.gov.ng/themes/common/files/sitreps/a6a4a8307c131dff6661db51de1b169a.pdf,True
Enugu,2021,37,September,127.0,13.0,10.2,7.0,100.0,,,,,,,,B,high,text_cluster_ocr,https://ncdc.gov.ng/themes/common/files/sitreps/a708ecdfccdb7c7be5b6087dd5d29e6d.pdf,True
Enugu,2021,46,November,127.0,13.0,10.2,7.0,100.0,,,,,,,,B,high,text_cluster_ocr,https://ncdc.gov.ng/themes/common/files/sitreps/b6be779c78ae3b9f4f3c87f484d62216.pdf,True
Enugu,2021,47,November,127.0,13.0,10.2,7.0,100.0,,,,,,,,B,reassembled,text_cluster_plaintext,https://ncdc.gov.ng/themes/common/files/sitreps/09b6fefce77c74101b77e453f4dca7fb.pdf,True
FCT,2021,25,June,50.0,2.0,4.0,16.0,,0.0,,0.0,0.0,0.0,0.0,0.0,A,high,text_cluster_plaintext,https://ncdc.gov.ng/themes/common/files/sitreps/1d3271f656ea9bd07f3c9885a0b5a26c.pdf,True
FCT,2021,27,July,225.0,12.0,5.3,16.0,,0.0,,13.0,0.0,0.0,0.0,0.0,A,high,text_cluster_plaintext,https://ncdc.gov.ng/themes/common/files/sitreps/33f6e05763910a9b3782c5f6455d0844.pdf,True
FCT,2021,29,July,330.0,24.0,7.3,16.0,,0.0,,0.0,0.0,0.0,0.0,0.0,A,high,text_cluster_plaintext,https://ncdc.gov.ng/themes/common/files/sitreps/a598a4cc115a8f7ce5befe4087f4330c.pdf,True
FCT,2021,34,August,1286.0,77.0,6.0,34.0,62.0,1.0,0.0,,,,,,B,high,text_cluster_plaintext,https://ncdc.gov.ng/themes/common/files/sitreps/2fa7f5799999a81a439b196483cb77c3.pdf,True
FCT,2021,35,August,1286.0,77.0,6.0,34.0,62.0,1.0,0.0,,,,,,B,high,text_cluster_ocr,https://ncdc.gov.ng/themes/common/files/sitreps/acef26fb390180b7519ebcce0fba8637.pdf,True
FCT,2021,36,September,1286.0,77.0,6.0,34.0,62.0,,,,,,,,B,high,text_cluster_ocr,https://ncdc.gov.ng/themes/common/files/sitreps/a6a4a8307c131dff6661db51de1b169a.pdf,True
FCT,2021,37,September,1286.0,77.0,6.0,34.0,62.0,,,,,,,,B,high,text_cluster_ocr,https://ncdc.gov.ng/themes/common/files/sitreps/a708ecdfccdb7c7be5b6087dd5d29e6d.pdf,True
FCT,2021,46,November,1286.0,77.0,6.0,29.0,72.0,,,,,,,,B,high,text_cluster_ocr,https://ncdc.gov.ng/themes/common/files/sitreps/b6be779c78ae3b9f4f3c87f484d62216.pdf,True
FCT,2021,47,November,1286.0,77.0,6.0,29.0,72.0,,,,,,,,B,high,text_cluster_plaintext,https://ncdc.gov.ng/themes/common/files/sitreps/09b6fefce77c74101b77e453f4dca7fb.pdf,True
Gombe,2021,1,January,128.0,0.0,0.0,,,,,,,,,,B,reassembled,text_cluster_plaintext,https://ncdc.gov.ng/themes/common/files/sitreps/f6602dae8b376c69fbc2623eac432251.pdf,True
Gombe,2021,24,June,190.0,1.0,0.5,,,,,,,,,,B,reassembled,text_cluster_plaintext,https://ncdc.gov.ng/themes/common/files/sitreps/8c04f2a073c67e11c08a4e2d37a3124b.pdf,True
Gombe,2021,25,June,190.0,1.0,0.5,8.0,,0.0,,0.0,0.0,0.0,0.0,0.0,A,high,text_cluster_plaintext,https://ncdc.gov.ng/themes/common/files/sitreps/1d3271f656ea9bd07f3c9885a0b5a26c.pdf,True
Gombe,2021,27,July,190.0,1.0,0.5,8.0,,0.0,,0.0,0.0,0.0,0.0,0.0,A,high,text_cluster_plaintext,https://ncdc.gov.ng/themes/common/files/sitreps/33f6e05763910a9b3782c5f6455d0844.pdf,True
Gombe,2021,34,August,443.0,3.0,0.7,8.0,63.0,,,,,,,,B,high,text_cluster_plaintext,https://ncdc.gov.ng/themes/common/files/sitreps/2fa7f5799999a81a439b196483cb77c3.pdf,True
Gombe,2021,35,August,503.0,2.0,0.4,8.0,63.0,,,,,,,,B,high,text_cluster_ocr,https://ncdc.gov.ng/themes/common/files/sitreps/acef26fb390180b7519ebcce0fba8637.pdf,False
Gombe,2021,36,September,676.0,7.0,1.0,215.0,77.0,,,,,,,,B,high,text_cluster_ocr,https://ncdc.gov.ng/themes/common/files/sitreps/a6a4a8307c131dff6661db51de1b169a.pdf,True
Gombe,2021,37,September,700.0,7.0,1.0,216.0,77.0,,,,,,,,B,high,text_cluster_ocr,https://ncdc.gov.ng/themes/common/files/sitreps/a708ecdfccdb7c7be5b6087dd5d29e6d.pdf,True
Gombe,2021,46,November,2181.0,50.0,2.3,294.0,84.0,,,,,,,,B,high,text_cluster_ocr,https://ncdc.gov.ng/themes/common/files/sitreps/b6be779c78ae3b9f4f3c87f484d62216.pdf,True
Gombe,2021,47,November,2303.0,50.0,2.2,294.0,84.0,,,,,,,,B,high,text_cluster_plaintext,https://ncdc.gov.ng/themes/common/files/sitreps/09b6fefce77c74101b77e453f4dca7fb.pdf,True
Jigawa,2021,27,July,482.0,10.0,2.1,3.0,,0.0,,99.0,4.0,4.0,0.0,0.0,A,high,text_cluster_plaintext,https://ncdc.gov.ng/themes/common/files/sitreps/33f6e05763910a9b3782c5f6455d0844.pdf,True
Jigawa,2021,29,July,2153.0,64.0,2.9,9.0,,0.0,,201.0,4.0,2.0,0.0,0.0,A,high,text_cluster_plaintext,https://ncdc.gov.ng/themes/common/files/sitreps/a598a4cc115a8f7ce5befe4087f4330c.pdf,True
Jigawa,2021,30,July,2166.0,65.0,2.9,9.0,,0.0,,13.0,1.0,7.8,0.0,0.0,A,high,text_cluster_plaintext,https://ncdc.gov.ng/themes/common/files/sitreps/8a9f2ce7de14b5b879eda514372113f4.pdf,True
Jigawa,2021,34,August,8929.0,337.0,3.8,37.0,54.0,,,,,,,,B,high,text_cluster_plaintext,https://ncdc.gov.ng/themes/common/files/sitreps/2fa7f5799999a81a439b196483cb77c3.pdf,True
Jigawa,2021,35,August,8911.0,350.0,3.9,41.0,59.0,,,,,,,,B,high,text_cluster_ocr,https://ncdc.gov.ng/themes/common/files/sitreps/acef26fb390180b7519ebcce0fba8637.pdf,False
Jigawa,2021,36,September,9300.0,352.0,3.8,41.0,59.0,,,,,,,,B,high,text_cluster_ocr,https://ncdc.gov.ng/themes/common/files/sitreps/a6a4a8307c131dff6661db51de1b169a.pdf,True
Jigawa,2021,37,September,10758.0,423.0,3.9,41.0,59.0,,,,,,,,B,high,text_cluster_ocr,https://ncdc.gov.ng/themes/common/files/sitreps/a708ecdfccdb7c7be5b6087dd5d29e6d.pdf,True
Jigawa,2021,46,November,13366.0,526.0,3.9,37.0,65.0,,,,,,,,B,high,text_cluster_ocr,https://ncdc.gov.ng/themes/common/files/sitreps/b6be779c78ae3b9f4f3c87f484d62216.pdf,True
Kaduna,2021,24,June,38.0,5.0,13.2,,,,,,,,,,B,reassembled,text_cluster_plaintext,https://ncdc.gov.ng/themes/common/files/sitreps/8c04f2a073c67e11c08a4e2d37a3124b.pdf,True
Kaduna,2021,25,June,354.0,5.0,1.4,39.0,,1.0,,59.0,0.0,0.0,0.0,0.0,A,high,text_cluster_plaintext,https://ncdc.gov.ng/themes/common/files/sitreps/1d3271f656ea9bd07f3c9885a0b5a26c.pdf,True
Kaduna,2021,27,July,543.0,50.0,9.2,39.0,,1.0,,17.0,0.0,0.0,2.0,0.0,A,high,text_cluster_plaintext,https://ncdc.gov.ng/themes/common/files/sitreps/33f6e05763910a9b3782c5f6455d0844.pdf,True
Kaduna,2021,29,July,551.0,50.0,9.0,84.0,,17.0,,0.0,0.0,0.0,0.0,0.0,A,high,text_cluster_plaintext,https://ncdc.gov.ng/themes/common/files/sitreps/a598a4cc115a8f7ce5befe4087f4330c.pdf,True
Kaduna,2021,30,July,551.0,50.0,9.0,84.0,,17.0,,0.0,0.0,0.0,0.0,0.0,A,high,text_cluster_plaintext,https://ncdc.gov.ng/themes/common/files/sitreps/8a9f2ce7de14b5b879eda514372113f4.pdf,True
Kaduna,2021,34,August,1895.0,149.0,7.9,160.0,58.0,15.0,87.0,,,,,,B,high,text_cluster_plaintext,https://ncdc.gov.ng/themes/common/files/sitreps/2fa7f5799999a81a439b196483cb77c3.pdf,True
Kaduna,2021,35,August,1961.0,157.0,8.0,170.0,56.0,14.0,86.0,,,,,,B,high,text_cluster_ocr,https://ncdc.gov.ng/themes/common/files/sitreps/acef26fb390180b7519ebcce0fba8637.pdf,True
Kaduna,2021,36,September,2035.0,164.0,8.1,172.0,56.0,15.0,87.0,,,,,,B,high,text_cluster_ocr,https://ncdc.gov.ng/themes/common/files/sitreps/a6a4a8307c131dff6661db51de1b169a.pdf,True
Kaduna,2021,37,September,2047.0,164.0,8.0,183.0,55.0,15.0,87.0,,,,,,B,high,text_cluster_ocr,https://ncdc.gov.ng/themes/common/files/sitreps/a708ecdfccdb7c7be5b6087dd5d29e6d.pdf,True
Kaduna,2021,46,November,2132.0,175.0,8.2,190.0,53.0,15.0,87.0,,,,,,B,high,text_cluster_ocr,https://ncdc.gov.ng/themes/common/files/sitreps/b6be779c78ae3b9f4f3c87f484d62216.pdf,True
Kano,2021,24,June,1932.0,66.0,3.4,,,,,,,,,,B,reassembled,text_cluster_plaintext,https://ncdc.gov.ng/themes/common/files/sitreps/8c04f2a073c67e11c08a4e2d37a3124b.pdf,True
Kano,2021,27,July,3953.0,119.0,3.0,55.0,,35.0,,231.0,12.0,5.2,0.0,0.0,A,high,text_cluster_plaintext,https://ncdc.gov.ng/themes/common/files/sitreps/33f6e05763910a9b3782c5f6455d0844.pdf,True
Kano,2021,29,July,5215.0,143.0,2.7,55.0,,35.0,,71.0,0.0,0.0,0.0,0.0,A,high,text_cluster_plaintext,https://ncdc.gov.ng/themes/common/files/sitreps/a598a4cc115a8f7ce5befe4087f4330c.pdf,True
Kano,2021,30,July,5219.0,143.0,2.7,55.0,,35.0,,4.0,0.0,0.0,0.0,0.0,A,high,text_cluster_plaintext,https://ncdc.gov.ng/themes/common/files/sitreps/8a9f2ce7de14b5b879eda514372113f4.pdf,True
Kano,2021,34,August,10195.0,265.0,2.6,4.0,100.0,4.0,100.0,,,,,,B,high,text_cluster_plaintext,https://ncdc.gov.ng/themes/common/files/sitreps/2fa7f5799999a81a439b196483cb77c3.pdf,True
Kano,2021,35,August,10187.0,265.0,2.6,4.0,100.0,4.0,100.0,,,,,,B,high,text_cluster_ocr,https://ncdc.gov.ng/themes/common/files/sitreps/acef26fb390180b7519ebcce0fba8637.pdf,False
Kano,2021,36,September,10187.0,265.0,2.6,4.0,100.0,4.0,100.0,,,,,,B,high,text_cluster_ocr,https://ncdc.gov.ng/themes/common/files/sitreps/a6a4a8307c131dff6661db51de1b169a.pdf,True
Kano,2021,37,September,11783.0,311.0,2.6,4.0,100.0,4.0,100.0,,,,,,B,high,text_cluster_ocr,https://ncdc.gov.ng/themes/common/files/sitreps/a708ecdfccdb7c7be5b6087dd5d29e6d.pdf,True
Kano,2021,46,November,12116.0,368.0,3.0,21.0,95.0,21.0,81.0,,,,,,B,high,text_cluster_ocr,https://ncdc.gov.ng/themes/common/files/sitreps/b6be779c78ae3b9f4f3c87f484d62216.pdf,True
Katsina,2021,29,July,756.0,21.0,2.8,28.0,,10.0,,20.0,0.0,0.0,0.0,0.0,A,high,text_cluster_plaintext,https://ncdc.gov.ng/themes/common/files/sitreps/a598a4cc115a8f7ce5befe4087f4330c.pdf,True
Katsina,2021,34,August,4816.0,157.0,3.3,191.0,26.0,111.0,6.0,,,,,,B,high,text_cluster_plaintext,https://ncdc.gov.ng/themes/common/files/sitreps/2fa7f5799999a81a439b196483cb77c3.pdf,True
Katsina,2021,35,August,5933.0,185.0,3.1,191.0,26.0,111.0,6.0,,,,,,B,high,text_cluster_ocr,https://ncdc.gov.ng/themes/common/files/sitreps/acef26fb390180b7519ebcce0fba8637.pdf,True
Katsina,2021,36,September,6328.0,197.0,3.1,219.0,23.0,386.0,4.0,,,,,,B,high,text_cluster_ocr,https://ncdc.gov.ng/themes/common/files/sitreps/a6a4a8307c131dff6661db51de1b169a.pdf,True
Katsina,2021,37,September,7568.0,216.0,2.9,218.0,23.0,142.0,11.0,,,,,,B,high,text_cluster_ocr,https://ncdc.gov.ng/themes/common/files/sitreps/a708ecdfccdb7c7be5b6087dd5d29e6d.pdf,True
Katsina,2021,46,November,8602.0,237.0,2.8,222.0,23.0,139.0,12.0,,,,,,B,high,text_cluster_ocr,https://ncdc.gov.ng/themes/common/files/sitreps/b6be779c78ae3b9f4f3c87f484d62216.pdf,True
Kebbi,2021,24,June,35.0,1.0,2.9,,,,,,,,,,B,reassembled,text_cluster_plaintext,https://ncdc.gov.ng/themes/common/files/sitreps/8c04f2a073c67e11c08a4e2d37a3124b.pdf,True
Kebbi,2021,25,June,35.0,1.0,2.9,0.0,,0.0,,0.0,0.0,0.0,0.0,0.0,A,high,text_cluster_plaintext,https://ncdc.gov.ng/themes/common/files/sitreps/1d3271f656ea9bd07f3c9885a0b5a26c.pdf,True
Kebbi,2021,27,July,35.0,1.0,2.9,0.0,,0.0,,0.0,0.0,0.0,0.0,0.0,A,high,text_cluster_plaintext,https://ncdc.gov.ng/themes/common/files/sitreps/33f6e05763910a9b3782c5f6455d0844.pdf,True
Kebbi,2021,29,July,35.0,1.0,2.9,0.0,,0.0,,0.0,0.0,0.0,0.0,0.0,A,high,text_cluster_plaintext,https://ncdc.gov.ng/themes/common/files/sitreps/a598a4cc115a8f7ce5befe4087f4330c.pdf,True
Kebbi,2021,30,July,35.0,1.0,2.9,0.0,,0.0,,0.0,0.0,0.0,0.0,0.0,A,high,text_cluster_plaintext,https://ncdc.gov.ng/themes/common/files/sitreps/8a9f2ce7de14b5b879eda514372113f4.pdf,True
Kebbi,2021,34,August,2576.0,172.0,6.7,59.0,73.0,11.0,73.0,,,,,,B,high,text_cluster_plaintext,https://ncdc.gov.ng/themes/common/files/sitreps/2fa7f5799999a81a439b196483cb77c3.pdf,True
Kebbi,2021,35,August,3010.0,203.0,6.7,58.0,74.0,11.0,64.0,,,,,,B,high,text_cluster_ocr,https://ncdc.gov.ng/themes/common/files/sitreps/acef26fb390180b7519ebcce0fba8637.pdf,True
Kebbi,2021,36,September,3646.0,240.0,6.6,58.0,74.0,11.0,64.0,,,,,,B,high,text_cluster_ocr,https://ncdc.gov.ng/themes/common/files/sitreps/a6a4a8307c131dff6661db51de1b169a.pdf,True
Kebbi,2021,37,September,4044.0,260.0,6.4,58.0,74.0,11.0,64.0,,,,,,B,high,text_cluster_ocr,https://ncdc.gov.ng/themes/common/files/sitreps/a708ecdfccdb7c7be5b6087dd5d29e6d.pdf,True
Kebbi,2021,46,November,5949.0,374.0,6.3,69.0,65.0,25.0,72.0,,,,,,B,high,text_cluster_ocr,https://ncdc.gov.ng/themes/common/files/sitreps/b6be779c78ae3b9f4f3c87f484d62216.pdf,True
Kogi,2021,1,January,12.0,4.0,33.3,,,,,,,,,,B,reassembled,text_cluster_plaintext,https://ncdc.gov.ng/themes/common/files/sitreps/f6602dae8b376c69fbc2623eac432251.pdf,True
Kogi,2021,24,June,12.0,4.0,33.3,,,,,,,,,,B,reassembled,text_cluster_plaintext,https://ncdc.gov.ng/themes/common/files/sitreps/8c04f2a073c67e11c08a4e2d37a3124b.pdf,True
Kogi,2021,25,June,12.0,4.0,33.3,0.0,,0.0,,0.0,0.0,0.0,0.0,0.0,A,high,text_cluster_plaintext,https://ncdc.gov.ng/themes/common/files/sitreps/1d3271f656ea9bd07f3c9885a0b5a26c.pdf,True
Kogi,2021,27,July,12.0,4.0,33.3,0.0,,0.0,,0.0,0.0,0.0,0.0,0.0,A,high,text_cluster_plaintext,https://ncdc.gov.ng/themes/common/files/sitreps/33f6e05763910a9b3782c5f6455d0844.pdf,True
Kogi,2021,29,July,12.0,4.0,33.3,0.0,,0.0,,0.0,0.0,0.0,0.0,0.0,A,high,text_cluster_plaintext,https://ncdc.gov.ng/themes/common/files/sitreps/a598a4cc115a8f7ce5befe4087f4330c.pdf,True
Kogi,2021,30,July,12.0,4.0,33.3,0.0,,0.0,,0.0,0.0,0.0,0.0,0.0,A,high,text_cluster_plaintext,https://ncdc.gov.ng/themes/common/files/sitreps/8a9f2ce7de14b5b879eda514372113f4.pdf,True
Kogi,2021,34,August,140.0,36.0,25.7,13.0,54.0,8.0,50.0,,,,,,B,high,text_cluster_plaintext,https://ncdc.gov.ng/themes/common/files/sitreps/2fa7f5799999a81a439b196483cb77c3.pdf,True
Kogi,2021,35,August,151.0,37.0,24.5,8.0,50.0,,,,,,,,B,high,text_cluster_ocr,https://ncdc.gov.ng/themes/common/files/sitreps/acef26fb390180b7519ebcce0fba8637.pdf,True
Kogi,2021,36,September,151.0,37.0,24.5,13.0,54.0,8.0,50.0,,,,,,B,high,text_cluster_ocr,https://ncdc.gov.ng/themes/common/files/sitreps/a6a4a8307c131dff6661db51de1b169a.pdf,True
Kogi,2021,37,September,151.0,37.0,24.5,9.0,78.0,8.0,50.0,,,,,,B,high,text_cluster_ocr,https://ncdc.gov.ng/themes/common/files/sitreps/a708ecdfccdb7c7be5b6087dd5d29e6d.pdf,True
Kogi,2021,46,November,151.0,37.0,24.5,9.0,78.0,8.0,50.0,,,,,,B,high,text_cluster_ocr,https://ncdc.gov.ng/themes/common/files/sitreps/b6be779c78ae3b9f4f3c87f484d62216.pdf,True
Kogi,2021,47,November,151.0,37.0,24.5,9.0,78.0,8.0,50.0,,,,,,B,reassembled,text_cluster_plaintext,https://ncdc.gov.ng/themes/common/files/sitreps/09b6fefce77c74101b77e453f4dca7fb.pdf,True
Kwara,2021,27,July,143.0,16.0,11.2,112.0,,0.0,,14.0,0.0,0.0,0.0,0.0,A,high,text_cluster_plaintext,https://ncdc.gov.ng/themes/common/files/sitreps/33f6e05763910a9b3782c5f6455d0844.pdf,True
Kwara,2021,29,July,143.0,4.0,2.7,112.0,,0.0,,0.0,0.0,0.0,0.0,0.0,A,high,text_cluster_plaintext,https://ncdc.gov.ng/themes/common/files/sitreps/a598a4cc115a8f7ce5befe4087f4330c.pdf,False
Kwara,2021,30,July,143.0,4.0,2.7,112.0,,0.0,,0.0,0.0,0.0,0.0,0.0,A,high,text_cluster_plaintext,https://ncdc.gov.ng/themes/common/files/sitreps/8a9f2ce7de14b5b879eda514372113f4.pdf,True
Kwara,2021,34,August,153.0,19.0,12.4,124.0,10.0,,,,,,,,B,high,text_cluster_plaintext,https://ncdc.gov.ng/themes/common/files/sitreps/2fa7f5799999a81a439b196483cb77c3.pdf,True
Kwara,2021,35,August,153.0,19.0,12.4,124.0,10.0,,,,,,,,B,high,text_cluster_ocr,https://ncdc.gov.ng/themes/common/files/sitreps/acef26fb390180b7519ebcce0fba8637.pdf,True
Kwara,2021,36,September,153.0,19.0,12.4,124.0,10.0,,,,,,,,B,high,text_cluster_ocr,https://ncdc.gov.ng/themes/common/files/sitreps/a6a4a8307c131dff6661db51de1b169a.pdf,True
Kwara,2021,37,September,180.0,33.0,18.3,125.0,10.0,,,,,,,,B,high,text_cluster_ocr,https://ncdc.gov.ng/themes/common/files/sitreps/a708ecdfccdb7c7be5b6087dd5d29e6d.pdf,True
Kwara,2021,46,November,198.0,35.0,17.7,137.0,12.0,,,,,,,,B,high,text_cluster_ocr,https://ncdc.gov.ng/themes/common/files/sitreps/b6be779c78ae3b9f4f3c87f484d62216.pdf,True
Kwara,2021,47,November,198.0,35.0,17.7,137.0,12.0,,,,,,,,B,reassembled,text_cluster_plaintext,https://ncdc.gov.ng/themes/common/files/sitreps/09b6fefce77c74101b77e453f4dca7fb.pdf,True
Lagos,2021,46,November,165.0,8.0,4.8,19.0,47.0,,,,,,,,B,high,text_cluster_ocr,https://ncdc.gov.ng/themes/common/files/sitreps/b6be779c78ae3b9f4f3c87f484d62216.pdf,True
Lagos,2021,47,November,196.0,8.0,4.1,192.0,5.0,,,,,,,,B,reassembled,text_cluster_plaintext,https://ncdc.gov.ng/themes/common/files/sitreps/09b6fefce77c74101b77e453f4dca7fb.pdf,True
Nasarawa,2021,1,January,114.0,9.0,7.9,,,,,,,,,,B,reassembled,text_cluster_plaintext,https://ncdc.gov.ng/themes/common/files/sitreps/f6602dae8b376c69fbc2623eac432251.pdf,True
Nasarawa,2021,24,June,411.0,17.0,4.1,,,,,,,,,,B,reassembled,text_cluster_plaintext,https://ncdc.gov.ng/themes/common/files/sitreps/8c04f2a073c67e11c08a4e2d37a3124b.pdf,True
Nasarawa,2021,25,June,411.0,17.0,4.1,0.0,,4.0,,0.0,0.0,0.0,0.0,0.0,A,high,text_cluster_plaintext,https://ncdc.gov.ng/themes/common/files/sitreps/1d3271f656ea9bd07f3c9885a0b5a26c.pdf,True
Nasarawa,2021,27,July,411.0,17.0,4.1,0.0,,4.0,,0.0,0.0,0.0,0.0,0.0,A,high,text_cluster_plaintext,https://ncdc.gov.ng/themes/common/files/sitreps/33f6e05763910a9b3782c5f6455d0844.pdf,True
Nasarawa,2021,29,July,411.0,17.0,4.1,0.0,,4.0,,0.0,0.0,0.0,0.0,0.0,A,high,text_cluster_plaintext,https://ncdc.gov.ng/themes/common/files/sitreps/a598a4cc115a8f7ce5befe4087f4330c.pdf,True
Nasarawa,2021,30,July,411.0,17.0,4.1,0.0,,4.0,,0.0,0.0,0.0,0.0,0.0,A,high,text_cluster_plaintext,https://ncdc.gov.ng/themes/common/files/sitreps/8a9f2ce7de14b5b879eda514372113f4.pdf,True
Nasarawa,2021,34,August,623.0,38.0,6.1,16.0,100.0,,,,,,,,B,high,text_cluster_plaintext,https://ncdc.gov.ng/themes/common/files/sitreps/2fa7f5799999a81a439b196483cb77c3.pdf,True
Nasarawa,2021,35,August,635.0,38.0,6.0,26.0,65.0,,,,,,,,B,high,text_cluster_ocr,https://ncdc.gov.ng/themes/common/files/sitreps/acef26fb390180b7519ebcce0fba8637.pdf,True
Nasarawa,2021,36,September,627.0,38.0,6.1,26.0,65.0,,,,,,,,B,high,text_cluster_ocr,https://ncdc.gov.ng/themes/common/files/sitreps/a6a4a8307c131dff6661db51de1b169a.pdf,False
Nasarawa,2021,37,September,635.0,38.0,6.0,26.0,65.0,,,,,,,,B,high,text_cluster_ocr,https://ncdc.gov.ng/themes/common/files/sitreps/a708ecdfccdb7c7be5b6087dd5d29e6d.pdf,True
Nasarawa,2021,46,November,970.0,64.0,6.6,15.0,100.0,30.0,80.0,,,,,,B,high,text_cluster_ocr,https://ncdc.gov.ng/themes/common/files/sitreps/b6be779c78ae3b9f4f3c87f484d62216.pdf,True
Nasarawa,2021,47,November,1013.0,69.0,6.8,15.0,100.0,30.0,80.0,,,,,,B,high,text_cluster_plaintext,https://ncdc.gov.ng/themes/common/files/sitreps/09b6fefce77c74101b77e453f4dca7fb.pdf,True
Niger,2021,25,June,101.0,5.0,4.9,12.0,,0.0,,62.0,4.0,6.5,3.0,0.0,A,high,text_cluster_plaintext,https://ncdc.gov.ng/themes/common/files/sitreps/1d3271f656ea9bd07f3c9885a0b5a26c.pdf,True
Niger,2021,27,July,213.0,13.0,6.1,12.0,,0.0,,70.0,2.0,2.8,0.0,0.0,A,high,text_cluster_plaintext,https://ncdc.gov.ng/themes/common/files/sitreps/33f6e05763910a9b3782c5f6455d0844.pdf,True
Niger,2021,29,July,213.0,13.0,6.1,12.0,,0.0,,0.0,0.0,0.0,0.0,0.0,A,high,text_cluster_plaintext,https://ncdc.gov.ng/themes/common/files/sitreps/a598a4cc115a8f7ce5befe4087f4330c.pdf,True
Niger,2021,34,August,2054.0,135.0,6.6,56.0,23.0,,,,,,,,B,high,text_cluster_plaintext,https://ncdc.gov.ng/themes/common/files/sitreps/2fa7f5799999a81a439b196483cb77c3.pdf,True
Niger,2021,35,August,2265.0,142.0,6.3,79.0,61.0,,,,,,,,B,high,text_cluster_ocr,https://ncdc.gov.ng/themes/common/files/sitreps/acef26fb390180b7519ebcce0fba8637.pdf,True
Niger,2021,36,September,2266.0,142.0,6.3,79.0,61.0,,,,,,,,B,high,text_cluster_ocr,https://ncdc.gov.ng/themes/common/files/sitreps/a6a4a8307c131dff6661db51de1b169a.pdf,True
Niger,2021,37,September,2266.0,142.0,6.3,79.0,61.0,,,,,,,,B,high,text_cluster_ocr,https://ncdc.gov.ng/themes/common/files/sitreps/a708ecdfccdb7c7be5b6087dd5d29e6d.pdf,True
Niger,2021,46,November,2821.0,174.0,6.2,79.0,61.0,,,,,,,,B,high,text_cluster_ocr,https://ncdc.gov.ng/themes/common/files/sitreps/b6be779c78ae3b9f4f3c87f484d62216.pdf,True
Ogun,2021,36,September,34.0,12.0,35.3,3.0,0.0,,,,,,,,B,high,text_cluster_ocr,https://ncdc.gov.ng/themes/common/files/sitreps/a6a4a8307c131dff6661db51de1b169a.pdf,True
Ogun,2021,37,September,34.0,12.0,35.3,3.0,0.0,,,,,,,,B,high,text_cluster_ocr,https://ncdc.gov.ng/themes/common/files/sitreps/a708ecdfccdb7c7be5b6087dd5d29e6d.pdf,True
Ogun,2021,46,November,105.0,16.0,15.2,45.0,62.0,,,,,,,,B,high,text_cluster_ocr,https://ncdc.gov.ng/themes/common/files/sitreps/b6be779c78ae3b9f4f3c87f484d62216.pdf,True
Ogun,2021,47,November,105.0,16.0,15.2,45.0,62.0,,,,,,,,B,reassembled,text_cluster_plaintext,https://ncdc.gov.ng/themes/common/files/sitreps/09b6fefce77c74101b77e453f4dca7fb.pdf,True
Ondo,2021,46,November,13.0,1.0,7.7,4.0,25.0,1.0,100.0,,,,,,B,high,text_cluster_ocr,https://ncdc.gov.ng/themes/common/files/sitreps/b6be779c78ae3b9f4f3c87f484d62216.pdf,True
Ondo,2021,47,November,14.0,1.0,7.1,5.0,20.0,1.0,100.0,,,,,,B,high,text_cluster_plaintext,https://ncdc.gov.ng/themes/common/files/sitreps/09b6fefce77c74101b77e453f4dca7fb.pdf,True
Osun,2021,35,August,16.0,2.0,12.5,2.0,50.0,2.0,0.0,,,,,,B,high,text_cluster_ocr,https://ncdc.gov.ng/themes/common/files/sitreps/acef26fb390180b7519ebcce0fba8637.pdf,True
Osun,2021,36,September,16.0,2.0,12.5,2.0,50.0,2.0,0.0,,,,,,B,high,text_cluster_ocr,https://ncdc.gov.ng/themes/common/files/sitreps/a6a4a8307c131dff6661db51de1b169a.pdf,True
Osun,2021,46,November,16.0,2.0,12.5,2.0,50.0,2.0,0.0,,,,,,B,high,text_cluster_ocr,https://ncdc.gov.ng/themes/common/files/sitreps/b6be779c78ae3b9f4f3c87f484d62216.pdf,True
Osun,2021,47,November,16.0,2.0,12.5,2.0,50.0,2.0,0.0,,,,,,B,high,text_cluster_plaintext,https://ncdc.gov.ng/themes/common/files/sitreps/09b6fefce77c74101b77e453f4dca7fb.pdf,True
Oyo,2021,46,November,194.0,10.0,5.2,14.0,50.0,1.0,100.0,,,,,,B,high,text_cluster_ocr,https://ncdc.gov.ng/themes/common/files/sitreps/b6be779c78ae3b9f4f3c87f484d62216.pdf,True
Oyo,2021,47,November,201.0,11.0,5.5,14.0,50.0,1.0,100.0,,,,,,B,reassembled,text_cluster_plaintext,https://ncdc.gov.ng/themes/common/files/sitreps/09b6fefce77c74101b77e453f4dca7fb.pdf,True
Plateau,2021,24,June,324.0,4.0,1.2,,,,,,,,,,B,reassembled,text_cluster_plaintext,https://ncdc.gov.ng/themes/common/files/sitreps/8c04f2a073c67e11c08a4e2d37a3124b.pdf,True
Plateau,2021,25,June,686.0,4.0,0.6,44.0,,0.0,,9.0,0.0,0.0,0.0,0.0,A,high,text_cluster_plaintext,https://ncdc.gov.ng/themes/common/files/sitreps/1d3271f656ea9bd07f3c9885a0b5a26c.pdf,True
Plateau,2021,27,July,942.0,11.0,1.2,44.0,,0.0,,42.0,0.0,0.0,3.0,0.0,A,high,text_cluster_plaintext,https://ncdc.gov.ng/themes/common/files/sitreps/33f6e05763910a9b3782c5f6455d0844.pdf,True
Plateau,2021,29,July,1047.0,17.0,1.6,44.0,,0.0,,0.0,0.0,0.0,0.0,0.0,A,high,text_cluster_plaintext,https://ncdc.gov.ng/themes/common/files/sitreps/a598a4cc115a8f7ce5befe4087f4330c.pdf,True
Plateau,2021,34,August,1309.0,20.0,1.5,75.0,44.0,6.0,0.0,,,,,,B,high,text_cluster_plaintext,https://ncdc.gov.ng/themes/common/files/sitreps/2fa7f5799999a81a439b196483cb77c3.pdf,True
Plateau,2021,35,August,1290.0,20.0,1.6,75.0,44.0,6.0,0.0,,,,,,B,high,text_cluster_ocr,https://ncdc.gov.ng/themes/common/files/sitreps/acef26fb390180b7519ebcce0fba8637.pdf,False
Plateau,2021,36,September,1290.0,20.0,1.6,75.0,44.0,6.0,0.0,,,,,,B,high,text_cluster_ocr,https://ncdc.gov.ng/themes/common/files/sitreps/a6a4a8307c131dff6661db51de1b169a.pdf,True
Plateau,2021,37,September,1290.0,20.0,1.6,75.0,44.0,6.0,0.0,,,,,,B,high,text_cluster_ocr,https://ncdc.gov.ng/themes/common/files/sitreps/a708ecdfccdb7c7be5b6087dd5d29e6d.pdf,True
Plateau,2021,46,November,1481.0,21.0,1.4,76.0,43.0,5.0,0.0,,,,,,B,high,text_cluster_ocr,https://ncdc.gov.ng/themes/common/files/sitreps/b6be779c78ae3b9f4f3c87f484d62216.pdf,True
Plateau,2021,47,November,1486.0,21.0,1.4,76.0,43.0,5.0,0.0,,,,,,B,high,text_cluster_plaintext,https://ncdc.gov.ng/themes/common/files/sitreps/09b6fefce77c74101b77e453f4dca7fb.pdf,True
Rivers,2021,37,September,46.0,0.0,0.0,,,,,,,,,,B,reassembled,text_cluster_ocr,https://ncdc.gov.ng/themes/common/files/sitreps/a708ecdfccdb7c7be5b6087dd5d29e6d.pdf,True
Rivers,2021,46,November,62.0,8.0,12.9,,,,,,,,,,B,high,text_cluster_ocr,https://ncdc.gov.ng/themes/common/files/sitreps/b6be779c78ae3b9f4f3c87f484d62216.pdf,True
Rivers,2021,47,November,62.0,8.0,12.9,,,,,,,,,,B,high,text_cluster_plaintext,https://ncdc.gov.ng/themes/common/files/sitreps/09b6fefce77c74101b77e453f4dca7fb.pdf,True
Sokoto,2021,1,January,313.0,0.0,0.0,,,,,,,,,,B,reassembled,text_cluster_plaintext,https://ncdc.gov.ng/themes/common/files/sitreps/f6602dae8b376c69fbc2623eac432251.pdf,True
Sokoto,2021,24,June,2141.0,86.0,4.0,,,,,,,,,,B,reassembled,text_cluster_plaintext,https://ncdc.gov.ng/themes/common/files/sitreps/8c04f2a073c67e11c08a4e2d37a3124b.pdf,True
Sokoto,2021,25,June,2141.0,86.0,4.0,5.0,,5.0,,0.0,0.0,0.0,0.0,0.0,A,high,text_cluster_plaintext,https://ncdc.gov.ng/themes/common/files/sitreps/1d3271f656ea9bd07f3c9885a0b5a26c.pdf,True
Sokoto,2021,27,July,2178.0,86.0,4.0,5.0,,5.0,,0.0,0.0,0.0,0.0,0.0,A,high,text_cluster_plaintext,https://ncdc.gov.ng/themes/common/files/sitreps/33f6e05763910a9b3782c5f6455d0844.pdf,True
Sokoto,2021,29,July,2651.0,100.0,3.7,5.0,,5.0,,0.0,0.0,0.0,0.0,0.0,A,high,text_cluster_plaintext,https://ncdc.gov.ng/themes/common/files/sitreps/a598a4cc115a8f7ce5befe4087f4330c.pdf,True
Sokoto,2021,30,July,2651.0,100.0,3.7,5.0,,5.0,,0.0,0.0,0.0,0.0,0.0,A,high,text_cluster_plaintext,https://ncdc.gov.ng/themes/common/files/sitreps/8a9f2ce7de14b5b879eda514372113f4.pdf,True
Sokoto,2021,34,August,5755.0,291.0,5.1,5.0,80.0,,,,,,,,B,high,text_cluster_plaintext,https://ncdc.gov.ng/themes/common/files/sitreps/2fa7f5799999a81a439b196483cb77c3.pdf,True
Sokoto,2021,35,August,6796.0,323.0,4.8,5.0,80.0,,,,,,,,B,high,text_cluster_ocr,https://ncdc.gov.ng/themes/common/files/sitreps/acef26fb390180b7519ebcce0fba8637.pdf,True
Sokoto,2021,36,September,6835.0,310.0,4.5,5.0,80.0,,,,,,,,B,high,text_cluster_ocr,https://ncdc.gov.ng/themes/common/files/sitreps/a6a4a8307c131dff6661db51de1b169a.pdf,False
Sokoto,2021,37,September,7499.0,389.0,5.2,5.0,80.0,,,,,,,,B,high,text_cluster_ocr,https://ncdc.gov.ng/themes/common/files/sitreps/a708ecdfccdb7c7be5b6087dd5d29e6d.pdf,True
Sokoto,2021,46,November,8477.0,410.0,4.8,5.0,80.0,,,,,,,,B,high,text_cluster_ocr,https://ncdc.gov.ng/themes/common/files/sitreps/b6be779c78ae3b9f4f3c87f484d62216.pdf,True
Taraba,2021,34,August,86.0,17.0,19.8,12.0,67.0,,,,,,,,B,high,text_cluster_plaintext,https://ncdc.gov.ng/themes/common/files/sitreps/2fa7f5799999a81a439b196483cb77c3.pdf,True
Taraba,2021,35,August,86.0,17.0,19.8,12.0,67.0,,,,,,,,B,high,text_cluster_ocr,https://ncdc.gov.ng/themes/common/files/sitreps/acef26fb390180b7519ebcce0fba8637.pdf,True
Taraba,2021,36,September,118.0,22.0,18.6,12.0,67.0,,,,,,,,B,high,text_cluster_ocr,https://ncdc.gov.ng/themes/common/files/sitreps/a6a4a8307c131dff6661db51de1b169a.pdf,True
Taraba,2021,37,September,119.0,22.0,18.5,12.0,67.0,,,,,,,,B,high,text_cluster_ocr,https://ncdc.gov.ng/themes/common/files/sitreps/a708ecdfccdb7c7be5b6087dd5d29e6d.pdf,True
Taraba,2021,46,November,174.0,29.0,16.7,18.0,83.0,,,,,,,,B,high,text_cluster_ocr,https://ncdc.gov.ng/themes/common/files/sitreps/b6be779c78ae3b9f4f3c87f484d62216.pdf,True
Taraba,2021,47,November,212.0,30.0,14.2,30.0,50.0,,,,,,,,B,reassembled,text_cluster_plaintext,https://ncdc.gov.ng/themes/common/files/sitreps/09b6fefce77c74101b77e453f4dca7fb.pdf,True
Yobe,2021,27,July,24.0,3.0,12.5,1.0,,0.0,,0.0,0.0,0.0,0.0,0.0,A,high,text_cluster_plaintext,https://ncdc.gov.ng/themes/common/files/sitreps/33f6e05763910a9b3782c5f6455d0844.pdf,True
Yobe,2021,29,July,24.0,3.0,12.5,1.0,,0.0,,0.0,0.0,0.0,0.0,0.0,A,high,text_cluster_plaintext,https://ncdc.gov.ng/themes/common/files/sitreps/a598a4cc115a8f7ce5befe4087f4330c.pdf,True
Yobe,2021,30,July,24.0,3.0,12.5,1.0,,0.0,,0.0,0.0,0.0,0.0,0.0,A,high,text_cluster_plaintext,https://ncdc.gov.ng/themes/common/files/sitreps/8a9f2ce7de14b5b879eda514372113f4.pdf,True
Yobe,2021,34,August,1273.0,25.0,2.0,72.0,85.0,87.0,87.0,,,,,,B,high,text_cluster_plaintext,https://ncdc.gov.ng/themes/common/files/sitreps/2fa7f5799999a81a439b196483cb77c3.pdf,True
Yobe,2021,35,August,1639.0,29.0,1.8,138.0,63.0,87.0,87.0,,,,,,B,high,text_cluster_ocr,https://ncdc.gov.ng/themes/common/files/sitreps/acef26fb390180b7519ebcce0fba8637.pdf,True
Yobe,2021,36,September,1772.0,31.0,1.7,98.0,89.0,87.0,87.0,,,,,,B,high,text_cluster_ocr,https://ncdc.gov.ng/themes/common/files/sitreps/a6a4a8307c131dff6661db51de1b169a.pdf,True
Yobe,2021,37,September,2382.0,57.0,2.4,126.0,75.0,101.0,87.0,,,,,,B,high,text_cluster_ocr,https://ncdc.gov.ng/themes/common/files/sitreps/a708ecdfccdb7c7be5b6087dd5d29e6d.pdf,True
Yobe,2021,46,November,3893.0,90.0,2.3,167.0,52.0,89.0,90.0,,,,,,B,high,text_cluster_ocr,https://ncdc.gov.ng/themes/common/files/sitreps/b6be779c78ae3b9f4f3c87f484d62216.pdf,True
Yobe,2021,47,November,3993.0,91.0,2.3,167.0,52.0,89.0,90.0,,,,,,B,high,text_cluster_plaintext,https://ncdc.gov.ng/themes/common/files/sitreps/09b6fefce77c74101b77e453f4dca7fb.pdf,True
Zamfara,2021,1,January,138.0,3.0,2.2,,,,,,,,,,B,reassembled,text_cluster_plaintext,https://ncdc.gov.ng/themes/common/files/sitreps/f6602dae8b376c69fbc2623eac432251.pdf,True
Zamfara,2021,24,June,1961.0,10.0,0.5,,,,,,,,,,B,reassembled,text_cluster_plaintext,https://ncdc.gov.ng/themes/common/files/sitreps/8c04f2a073c67e11c08a4e2d37a3124b.pdf,True
Zamfara,2021,25,June,2074.0,10.0,0.5,60.0,,7.0,,55.0,0.0,0.0,0.0,0.0,A,high,text_cluster_plaintext,https://ncdc.gov.ng/themes/common/files/sitreps/1d3271f656ea9bd07f3c9885a0b5a26c.pdf,True
Zamfara,2021,27,July,2209.0,11.0,0.5,60.0,,7.0,,35.0,0.0,0.0,0.0,0.0,A,high,text_cluster_plaintext,https://ncdc.gov.ng/themes/common/files/sitreps/33f6e05763910a9b3782c5f6455d0844.pdf,True
Zamfara,2021,34,August,4518.0,76.0,1.7,83.0,61.0,20.0,35.0,,,,,,B,high,text_cluster_plaintext,https://ncdc.gov.ng/themes/common/files/sitreps/2fa7f5799999a81a439b196483cb77c3.pdf,True
Zamfara,2021,35,August,4518.0,76.0,1.7,83.0,61.0,20.0,35.0,,,,,,B,high,text_cluster_ocr,https://ncdc.gov.ng/themes/common/files/sitreps/acef26fb390180b7519ebcce0fba8637.pdf,True
Zamfara,2021,36,September,4518.0,76.0,1.7,83.0,61.0,20.0,35.0,,,,,,B,high,text_cluster_ocr,https://ncdc.gov.ng/themes/common/files/sitreps/a6a4a8307c131dff6661db51de1b169a.pdf,True
Zamfara,2021,37,September,6031.0,157.0,2.6,161.0,50.0,95.0,43.0,,,,,,B,high,text_cluster_ocr,https://ncdc.gov.ng/themes/common/files/sitreps/a708ecdfccdb7c7be5b6087dd5d29e6d.pdf,True
Abia,2022,21,May,25.0,1.0,4.0,2.0,50.0,1.0,0.0,,,,,,B,high,text_cluster_ocr,https://ncdc.gov.ng/themes/common/files/sitreps/57923ecb70246039b310bf3a88407571.pdf,True
Abia,2022,26,June,25.0,1.0,4.0,2.0,50.0,1.0,0.0,,,,,,B,high,text_cluster_ocr,https://ncdc.gov.ng/themes/common/files/sitreps/5ca21f31869ca49cd417dfedc5cddb1e.pdf,True
Abia,2022,35,August,48.0,1.0,2.1,,,,,,,,,,B,high,text_cluster_ocr,https://ncdc.gov.ng/themes/common/files/sitreps/bc08e245d1fae83069ae5ab197398fb4.pdf,True
Abia,2022,39,September,120.0,1.0,0.8,3.0,33.0,23.0,9.0,,,,,,B,high,text_cluster_ocr,https://ncdc.gov.ng/themes/common/files/sitreps/983477614bd2dc4fe1250b98efc113d8.pdf,True
Abia,2022,43,October,120.0,1.0,0.8,3.0,33.0,23.0,9.0,,,,,,B,reassembled,text_cluster_plaintext,https://ncdc.gov.ng/themes/common/files/sitreps/c572c11c51795f17da11a4d04d5217f8.pdf,True
Abia,2022,52,December,120.0,1.0,0.8,3.0,33.0,23.0,9.0,,,,,,B,high,text_cluster_ocr,https://ncdc.gov.ng/themes/common/files/sitreps/114c6e786ac78f09d484f070d72f2f0c.pdf,True
Adamawa,2022,21,May,56.0,0.0,0.0,3.0,67.0,,,,,,,,B,high,text_cluster_ocr,https://ncdc.gov.ng/themes/common/files/sitreps/57923ecb70246039b310bf3a88407571.pdf,True
Adamawa,2022,26,June,56.0,0.0,0.0,3.0,67.0,,,,,,,,B,reassembled,text_cluster_ocr,https://ncdc.gov.ng/themes/common/files/sitreps/5ca21f31869ca49cd417dfedc5cddb1e.pdf,True
Adamawa,2022,30,July,56.0,0.0,0.0,3.0,67.0,,,,,,,,B,reassembled,text_cluster_ocr,https://ncdc.gov.ng/themes/common/files/sitreps/6fc4028c21e08d759ff801c807aadb4c.pdf,True
Adamawa,2022,35,August,161.0,1.0,0.6,,,,,,,,,,B,high,text_cluster_ocr,https://ncdc.gov.ng/themes/common/files/sitreps/bc08e245d1fae83069ae5ab197398fb4.pdf,True
Adamawa,2022,39,September,164.0,1.0,0.6,29.0,45.0,3.0,67.0,,,,,,B,high,text_cluster_ocr,https://ncdc.gov.ng/themes/common/files/sitreps/983477614bd2dc4fe1250b98efc113d8.pdf,True
Adamawa,2022,43,October,170.0,1.0,0.6,35.0,54.0,7.0,29.0,,,,,,B,reassembled,text_cluster_plaintext,https://ncdc.gov.ng/themes/common/files/sitreps/c572c11c51795f17da11a4d04d5217f8.pdf,True
Adamawa,2022,52,December,382.0,3.0,0.8,64.0,50.0,12.0,33.0,,,,,,B,high,text_cluster_ocr,https://ncdc.gov.ng/themes/common/files/sitreps/114c6e786ac78f09d484f070d72f2f0c.pdf,True
Akwa Ibom,2022,26,June,28.0,5.0,17.9,11.0,91.0,8.0,25.0,,,,,,B,high,text_cluster_ocr,https://ncdc.gov.ng/themes/common/files/sitreps/5ca21f31869ca49cd417dfedc5cddb1e.pdf,True
Akwa Ibom,2022,30,July,30.0,5.0,16.7,11.0,91.0,8.0,25.0,,,,,,B,high,text_cluster_ocr,https://ncdc.gov.ng/themes/common/files/sitreps/6fc4028c21e08d759ff801c807aadb4c.pdf,True
Akwa Ibom,2022,35,August,30.0,5.0,16.7,11.0,91.0,,,,,,,,B,high,text_cluster_ocr,https://ncdc.gov.ng/themes/common/files/sitreps/bc08e245d1fae83069ae5ab197398fb4.pdf,True
Akwa Ibom,2022,39,September,28.0,5.0,17.9,11.0,91.0,8.0,25.0,,,,,,B,high,text_cluster_ocr,https://ncdc.gov.ng/themes/common/files/sitreps/983477614bd2dc4fe1250b98efc113d8.pdf,False
Akwa Ibom,2022,43,October,28.0,5.0,17.9,11.0,91.0,8.0,25.0,,,,,,B,high,text_cluster_plaintext,https://ncdc.gov.ng/themes/common/files/sitreps/c572c11c51795f17da11a4d04d5217f8.pdf,True
Akwa Ibom,2022,52,December,28.0,5.0,17.9,11.0,91.0,8.0,25.0,,,,,,B,high,text_cluster_ocr,https://ncdc.gov.ng/themes/common/files/sitreps/114c6e786ac78f09d484f070d72f2f0c.pdf,True
Anambra,2022,21,May,36.0,0.0,0.0,32.0,0.0,,,,,,,,B,high,text_cluster_ocr,https://ncdc.gov.ng/themes/common/files/sitreps/57923ecb70246039b310bf3a88407571.pdf,True
Anambra,2022,30,July,5.0,0.0,0.0,,,,,,,,,,B,reassembled,text_cluster_ocr,https://ncdc.gov.ng/themes/common/files/sitreps/6fc4028c21e08d759ff801c807aadb4c.pdf,False
Anambra,2022,35,August,5.0,0.0,0.0,,,,,,,,,,B,reassembled,text_cluster_ocr,https://ncdc.gov.ng/themes/common/files/sitreps/bc08e245d1fae83069ae5ab197398fb4.pdf,True
Anambra,2022,43,October,4.0,0.0,0.0,,,,,,,,,,B,reassembled,text_cluster_plaintext,https://ncdc.gov.ng/themes/common/files/sitreps/c572c11c51795f17da11a4d04d5217f8.pdf,False
Anambra,2022,52,December,4.0,0.0,0.0,,,,,,,,,,B,reassembled,text_cluster_ocr,https://ncdc.gov.ng/themes/common/files/sitreps/114c6e786ac78f09d484f070d72f2f0c.pdf,True
Bauchi,2022,21,May,4.0,0.0,0.0,,,,,,,,,,B,high,text_cluster_ocr,https://ncdc.gov.ng/themes/common/files/sitreps/57923ecb70246039b310bf3a88407571.pdf,True
Bauchi,2022,26,June,12.0,1.0,8.3,1.0,0.0,1.0,0.0,,,,,,B,high,text_cluster_ocr,https://ncdc.gov.ng/themes/common/files/sitreps/5ca21f31869ca49cd417dfedc5cddb1e.pdf,True
Bauchi,2022,30,July,100.0,4.0,4.0,1.0,0.0,23.0,4.0,,,,,,B,high,text_cluster_ocr,https://ncdc.gov.ng/themes/common/files/sitreps/6fc4028c21e08d759ff801c807aadb4c.pdf,True
Bauchi,2022,35,August,122.0,6.0,4.9,,,,,,,,,,B,high,text_cluster_ocr,https://ncdc.gov.ng/themes/common/files/sitreps/bc08e245d1fae83069ae5ab197398fb4.pdf,True
Bauchi,2022,39,September,304.0,20.0,6.6,1.0,0.0,33.0,21.0,,,,,,B,high,text_cluster_ocr,https://ncdc.gov.ng/themes/common/files/sitreps/983477614bd2dc4fe1250b98efc113d8.pdf,True
Bauchi,2022,43,October,310.0,20.0,6.5,1.0,0.0,33.0,21.0,,,,,,B,reassembled,text_cluster_plaintext,https://ncdc.gov.ng/themes/common/files/sitreps/c572c11c51795f17da11a4d04d5217f8.pdf,True
Bayelsa,2022,21,May,76.0,0.0,0.0,6.0,0.0,1.0,0.0,,,,,,B,high,text_cluster_ocr,https://ncdc.gov.ng/themes/common/files/sitreps/57923ecb70246039b310bf3a88407571.pdf,True
Bayelsa,2022,30,July,144.0,0.0,0.0,6.0,0.0,32.0,0.0,,,,,,B,reassembled,text_cluster_ocr,https://ncdc.gov.ng/themes/common/files/sitreps/6fc4028c21e08d759ff801c807aadb4c.pdf,True
Bayelsa,2022,35,August,145.0,0.0,0.0,,,,,,,,,,B,reassembled,text_cluster_ocr,https://ncdc.gov.ng/themes/common/files/sitreps/bc08e245d1fae83069ae5ab197398fb4.pdf,True
Benue,2022,21,May,100.0,2.0,2.0,9.0,0.0,,,,,,,,B,high,text_cluster_ocr,https://ncdc.gov.ng/themes/common/files/sitreps/57923ecb70246039b310bf3a88407571.pdf,True
Benue,2022,26,June,104.0,2.0,1.9,9.0,0.0,5.0,20.0,,,,,,B,high,text_cluster_ocr,https://ncdc.gov.ng/themes/common/files/sitreps/5ca21f31869ca49cd417dfedc5cddb1e.pdf,True
Benue,2022,30,July,30.0,0.0,0.0,12.0,8.0,,,,,,,,B,reassembled,text_cluster_ocr,https://ncdc.gov.ng/themes/common/files/sitreps/6fc4028c21e08d759ff801c807aadb4c.pdf,False
Benue,2022,43,October,26.0,0.0,0.0,8.0,13.0,,,,,,,,B,reassembled,text_cluster_plaintext,https://ncdc.gov.ng/themes/common/files/sitreps/c572c11c51795f17da11a4d04d5217f8.pdf,False
Benue,2022,52,December,26.0,0.0,0.0,8.0,13.0,,,,,,,,B,reassembled,text_cluster_ocr,https://ncdc.gov.ng/themes/common/files/sitreps/114c6e786ac78f09d484f070d72f2f0c.pdf,True
Borno,2022,21,May,91.0,0.0,0.0,5.0,60.0,,,,,,,,B,high,text_cluster_ocr,https://ncdc.gov.ng/themes/common/files/sitreps/57923ecb70246039b310bf3a88407571.pdf,True
Borno,2022,30,July,342.0,13.0,3.8,19.0,79.0,251.0,3.0,,,,,,B,high,text_cluster_ocr,https://ncdc.gov.ng/themes/common/files/sitreps/6fc4028c21e08d759ff801c807aadb4c.pdf,True
Borno,2022,35,August,679.0,25.0,3.7,,,,,,,,,,B,high,text_cluster_ocr,https://ncdc.gov.ng/themes/common/files/sitreps/bc08e245d1fae83069ae5ab197398fb4.pdf,True
Borno,2022,39,September,3663.0,93.0,2.5,337.0,93.0,74.0,95.0,,,,,,B,high,text_cluster_ocr,https://ncdc.gov.ng/themes/common/files/sitreps/983477614bd2dc4fe1250b98efc113d8.pdf,True
Borno,2022,52,December,12465.0,279.0,2.2,558.0,94.0,175.0,77.0,,,,,,B,high,text_cluster_ocr,https://ncdc.gov.ng/themes/common/files/sitreps/114c6e786ac78f09d484f070d72f2f0c.pdf,True
Cross River,2022,30,July,650.0,11.0,1.7,141.0,12.0,64.0,3.0,,,,,,B,high,text_cluster_ocr,https://ncdc.gov.ng/themes/common/files/sitreps/6fc4028c21e08d759ff801c807aadb4c.pdf,True
Cross River,2022,35,August,650.0,11.0,1.7,,,,,,,,,,B,high,text_cluster_ocr,https://ncdc.gov.ng/themes/common/files/sitreps/bc08e245d1fae83069ae5ab197398fb4.pdf,True
Cross River,2022,43,October,649.0,11.0,1.7,141.0,12.0,64.0,3.0,,,,,,B,reassembled,text_cluster_plaintext,https://ncdc.gov.ng/themes/common/files/sitreps/c572c11c51795f17da11a4d04d5217f8.pdf,False
Cross River,2022,52,December,802.0,18.0,2.2,146.0,14.0,64.0,3.0,,,,,,B,high,text_cluster_ocr,https://ncdc.gov.ng/themes/common/files/sitreps/114c6e786ac78f09d484f070d72f2f0c.pdf,True
Delta,2022,21,May,61.0,3.0,4.9,57.0,2.0,,,,,,,,B,high,text_cluster_ocr,https://ncdc.gov.ng/themes/common/files/sitreps/57923ecb70246039b310bf3a88407571.pdf,True
Delta,2022,26,June,61.0,3.0,4.9,57.0,2.0,,,,,,,,B,high,text_cluster_ocr,https://ncdc.gov.ng/themes/common/files/sitreps/5ca21f31869ca49cd417dfedc5cddb1e.pdf,True
Delta,2022,30,July,1.0,0.0,0.0,1.0,0.0,,,,,,,,B,reassembled,text_cluster_ocr,https://ncdc.gov.ng/themes/common/files/sitreps/6fc4028c21e08d759ff801c807aadb4c.pdf,False
Delta,2022,43,October,1.0,0.0,0.0,1.0,0.0,,,,,,,,B,reassembled,text_cluster_plaintext,https://ncdc.gov.ng/themes/common/files/sitreps/c572c11c51795f17da11a4d04d5217f8.pdf,True
Delta,2022,52,December,1.0,0.0,0.0,1.0,0.0,,,,,,,,B,reassembled,text_cluster_ocr,https://ncdc.gov.ng/themes/common/files/sitreps/114c6e786ac78f09d484f070d72f2f0c.pdf,True
Ekiti,2022,21,May,2.0,0.0,0.0,2.0,0.0,,,,,,,,B,high,text_cluster_ocr,https://ncdc.gov.ng/themes/common/files/sitreps/57923ecb70246039b310bf3a88407571.pdf,True
Ekiti,2022,30,July,1.0,0.0,0.0,1.0,0.0,,,,,,,,B,reassembled,text_cluster_ocr,https://ncdc.gov.ng/themes/common/files/sitreps/6fc4028c21e08d759ff801c807aadb4c.pdf,False
Ekiti,2022,43,October,1.0,0.0,0.0,1.0,0.0,,,,,,,,B,reassembled,text_cluster_plaintext,https://ncdc.gov.ng/themes/common/files/sitreps/c572c11c51795f17da11a4d04d5217f8.pdf,True
Ekiti,2022,52,December,4.0,0.0,0.0,4.0,0.0,,,,,,,,B,reassembled,text_cluster_ocr,https://ncdc.gov.ng/themes/common/files/sitreps/114c6e786ac78f09d484f070d72f2f0c.pdf,True
Gombe,2022,21,May,6.0,0.0,0.0,1.0,0.0,,,,,,,,B,high,text_cluster_ocr,https://ncdc.gov.ng/themes/common/files/sitreps/57923ecb70246039b310bf3a88407571.pdf,True
Gombe,2022,39,September,470.0,5.0,1.1,117.0,89.0,,,,,,,,B,high,text_cluster_ocr,https://ncdc.gov.ng/themes/common/files/sitreps/983477614bd2dc4fe1250b98efc113d8.pdf,True
Gombe,2022,43,October,643.0,10.0,1.6,380.0,77.0,,,,,,,,B,reassembled,text_cluster_plaintext,https://ncdc.gov.ng/themes/common/files/sitreps/c572c11c51795f17da11a4d04d5217f8.pdf,True
Gombe,2022,52,December,1407.0,30.0,2.1,628.0,75.0,393.0,51.0,,,,,,B,high,text_cluster_ocr,https://ncdc.gov.ng/themes/common/files/sitreps/114c6e786ac78f09d484f070d72f2f0c.pdf,True
Imo,2022,21,May,70.0,0.0,0.0,65.0,5.0,,,,,,,,B,high,text_cluster_ocr,https://ncdc.gov.ng/themes/common/files/sitreps/57923ecb70246039b310bf3a88407571.pdf,True
Imo,2022,26,June,68.0,0.0,0.0,63.0,5.0,,,,,,,,B,reassembled,text_cluster_ocr,https://ncdc.gov.ng/themes/common/files/sitreps/5ca21f31869ca49cd417dfedc5cddb1e.pdf,False
Imo,2022,30,July,4.0,0.0,0.0,4.0,0.0,,,,,,,,B,reassembled,text_cluster_ocr,https://ncdc.gov.ng/themes/common/files/sitreps/6fc4028c21e08d759ff801c807aadb4c.pdf,False
Imo,2022,43,October,5.0,0.0,0.0,5.0,0.0,,,,,,,,B,reassembled,text_cluster_plaintext,https://ncdc.gov.ng/themes/common/files/sitreps/c572c11c51795f17da11a4d04d5217f8.pdf,True
Imo,2022,52,December,5.0,0.0,0.0,5.0,0.0,,,,,,,,B,reassembled,text_cluster_ocr,https://ncdc.gov.ng/themes/common/files/sitreps/114c6e786ac78f09d484f070d72f2f0c.pdf,True
Jigawa,2022,30,July,4.0,0.0,0.0,,,,,,,,,,B,reassembled,text_cluster_ocr,https://ncdc.gov.ng/themes/common/files/sitreps/6fc4028c21e08d759ff801c807aadb4c.pdf,True
Jigawa,2022,39,September,417.0,10.0,2.4,98.0,33.0,,,,,,,,B,high,text_cluster_ocr,https://ncdc.gov.ng/themes/common/files/sitreps/983477614bd2dc4fe1250b98efc113d8.pdf,True
Jigawa,2022,43,October,417.0,10.0,2.4,98.0,33.0,29.0,69.0,,,,,,B,reassembled,text_cluster_plaintext,https://ncdc.gov.ng/themes/common/files/sitreps/c572c11c51795f17da11a4d04d5217f8.pdf,True
Jigawa,2022,52,December,417.0,10.0,2.4,98.0,33.0,29.0,69.0,,,,,,B,high,text_cluster_ocr,https://ncdc.gov.ng/themes/common/files/sitreps/114c6e786ac78f09d484f070d72f2f0c.pdf,True
Kaduna,2022,21,May,4.0,0.0,0.0,,,,,,,,,,B,high,text_cluster_ocr,https://ncdc.gov.ng/themes/common/files/sitreps/57923ecb70246039b310bf3a88407571.pdf,True
Kaduna,2022,35,August,45.0,2.0,4.4,,,,,,,,,,B,high,text_cluster_ocr,https://ncdc.gov.ng/themes/common/files/sitreps/bc08e245d1fae83069ae5ab197398fb4.pdf,True
Kaduna,2022,39,September,31.0,2.0,6.5,2.0,0.0,,,,,,,,B,high,text_cluster_ocr,https://ncdc.gov.ng/themes/common/files/sitreps/983477614bd2dc4fe1250b98efc113d8.pdf,False
Kaduna,2022,43,October,31.0,2.0,6.5,2.0,0.0,,,,,,,,B,high,text_cluster_plaintext,https://ncdc.gov.ng/themes/common/files/sitreps/c572c11c51795f17da11a4d04d5217f8.pdf,True
Kaduna,2022,52,December,31.0,2.0,6.5,2.0,0.0,,,,,,,,B,high,text_cluster_ocr,https://ncdc.gov.ng/themes/common/files/sitreps/114c6e786ac78f09d484f070d72f2f0c.pdf,True
Kano,2022,21,May,124.0,14.0,11.3,10.0,30.0,,,,,,,,B,high,text_cluster_ocr,https://ncdc.gov.ng/themes/common/files/sitreps/57923ecb70246039b310bf3a88407571.pdf,True
Kano,2022,26,June,155.0,16.0,10.3,9.0,22.0,,,,,,,,B,high,text_cluster_ocr,https://ncdc.gov.ng/themes/common/files/sitreps/5ca21f31869ca49cd417dfedc5cddb1e.pdf,True
Kano,2022,30,July,318.0,9.0,2.8,27.0,19.0,,,,,,,,B,high,text_cluster_ocr,https://ncdc.gov.ng/themes/common/files/sitreps/6fc4028c21e08d759ff801c807aadb4c.pdf,False
Kano,2022,35,August,333.0,9.0,2.7,,,,,,,,,,B,high,text_cluster_ocr,https://ncdc.gov.ng/themes/common/files/sitreps/bc08e245d1fae83069ae5ab197398fb4.pdf,True
Kano,2022,39,September,298.0,7.0,2.3,30.0,17.0,,,,,,,,B,high,text_cluster_ocr,https://ncdc.gov.ng/themes/common/files/sitreps/983477614bd2dc4fe1250b98efc113d8.pdf,False
Kano,2022,43,October,521.0,21.0,4.0,30.0,17.0,,,,,,,,B,reassembled,text_cluster_plaintext,https://ncdc.gov.ng/themes/common/files/sitreps/c572c11c51795f17da11a4d04d5217f8.pdf,True
Kano,2022,52,December,1134.0,47.0,4.2,13.0,100.0,57.0,18.0,,,,,,B,high,text_cluster_ocr,https://ncdc.gov.ng/themes/common/files/sitreps/114c6e786ac78f09d484f070d72f2f0c.pdf,True
Katsina,2022,21,May,134.0,3.0,2.2,38.0,11.0,45.0,38.0,,,,,,B,high,text_cluster_ocr,https://ncdc.gov.ng/themes/common/files/sitreps/57923ecb70246039b310bf3a88407571.pdf,True
Katsina,2022,26,June,141.0,3.0,2.1,40.0,10.0,47.0,36.0,,,,,,B,high,text_cluster_ocr,https://ncdc.gov.ng/themes/common/files/sitreps/5ca21f31869ca49cd417dfedc5cddb1e.pdf,True
Katsina,2022,30,July,378.0,8.0,2.1,41.0,10.0,79.0,24.0,,,,,,B,high,text_cluster_ocr,https://ncdc.gov.ng/themes/common/files/sitreps/6fc4028c21e08d759ff801c807aadb4c.pdf,True
Katsina,2022,35,August,378.0,8.0,2.1,,,,,,,,,,B,high,text_cluster_ocr,https://ncdc.gov.ng/themes/common/files/sitreps/bc08e245d1fae83069ae5ab197398fb4.pdf,True
Katsina,2022,39,September,767.0,18.0,2.3,142.0,26.0,143.0,14.0,,,,,,B,high,text_cluster_ocr,https://ncdc.gov.ng/themes/common/files/sitreps/983477614bd2dc4fe1250b98efc113d8.pdf,True
Katsina,2022,43,October,767.0,18.0,2.3,142.0,26.0,143.0,14.0,,,,,,B,reassembled,text_cluster_plaintext,https://ncdc.gov.ng/themes/common/files/sitreps/c572c11c51795f17da11a4d04d5217f8.pdf,True
Katsina,2022,52,December,1639.0,37.0,2.3,232.0,28.0,312.0,18.0,,,,,,B,high,text_cluster_ocr,https://ncdc.gov.ng/themes/common/files/sitreps/114c6e786ac78f09d484f070d72f2f0c.pdf,True
Kebbi,2022,21,May,53.0,0.0,0.0,13.0,23.0,,,,,,,,B,high,text_cluster_ocr,https://ncdc.gov.ng/themes/common/files/sitreps/57923ecb70246039b310bf3a88407571.pdf,True
Kebbi,2022,26,June,54.0,0.0,0.0,13.0,23.0,,,,,,,,B,reassembled,text_cluster_ocr,https://ncdc.gov.ng/themes/common/files/sitreps/5ca21f31869ca49cd417dfedc5cddb1e.pdf,True
Kebbi,2022,35,August,54.0,0.0,0.0,,,,,,,,,,B,reassembled,text_cluster_ocr,https://ncdc.gov.ng/themes/common/files/sitreps/bc08e245d1fae83069ae5ab197398fb4.pdf,True
Kebbi,2022,43,October,54.0,0.0,0.0,13.0,23.0,1.0,0.0,,,,,,B,reassembled,text_cluster_plaintext,https://ncdc.gov.ng/themes/common/files/sitreps/c572c11c51795f17da11a4d04d5217f8.pdf,True
Kebbi,2022,52,December,54.0,0.0,0.0,13.0,23.0,1.0,0.0,,,,,,B,reassembled,text_cluster_ocr,https://ncdc.gov.ng/themes/common/files/sitreps/114c6e786ac78f09d484f070d72f2f0c.pdf,True
Kogi,2022,21,May,1.0,0.0,0.0,1.0,0.0,,,,,,,,B,high,text_cluster_ocr,https://ncdc.gov.ng/themes/common/files/sitreps/57923ecb70246039b310bf3a88407571.pdf,True
Kogi,2022,52,December,1.0,0.0,0.0,1.0,0.0,,,,,,,,B,reassembled,text_cluster_ocr,https://ncdc.gov.ng/themes/common/files/sitreps/114c6e786ac78f09d484f070d72f2f0c.pdf,True
Kwara,2022,26,June,30.0,0.0,0.0,,,,,,,,,,B,reassembled,text_cluster_ocr,https://ncdc.gov.ng/themes/common/files/sitreps/5ca21f31869ca49cd417dfedc5cddb1e.pdf,True
Kwara,2022,30,July,30.0,0.0,0.0,,,,,,,,,,B,reassembled,text_cluster_ocr,https://ncdc.gov.ng/themes/common/files/sitreps/6fc4028c21e08d759ff801c807aadb4c.pdf,True
Kwara,2022,43,October,30.0,0.0,0.0,,,,,,,,,,B,reassembled,text_cluster_plaintext,https://ncdc.gov.ng/themes/common/files/sitreps/c572c11c51795f17da11a4d04d5217f8.pdf,True
Kwara,2022,52,December,30.0,0.0,0.0,,,,,,,,,,B,reassembled,text_cluster_ocr,https://ncdc.gov.ng/themes/common/files/sitreps/114c6e786ac78f09d484f070d72f2f0c.pdf,True
Lagos,2022,21,May,33.0,1.0,3.0,6.0,0.0,,,,,,,,B,high,text_cluster_ocr,https://ncdc.gov.ng/themes/common/files/sitreps/57923ecb70246039b310bf3a88407571.pdf,True
Lagos,2022,26,June,33.0,1.0,3.0,6.0,0.0,,,,,,,,B,high,text_cluster_ocr,https://ncdc.gov.ng/themes/common/files/sitreps/5ca21f31869ca49cd417dfedc5cddb1e.pdf,True
Lagos,2022,30,July,47.0,1.0,2.1,8.0,0.0,,,,,,,,B,high,text_cluster_ocr,https://ncdc.gov.ng/themes/common/files/sitreps/6fc4028c21e08d759ff801c807aadb4c.pdf,True
Lagos,2022,35,August,47.0,1.0,2.1,,,,,,,,,,B,high,text_cluster_ocr,https://ncdc.gov.ng/themes/common/files/sitreps/bc08e245d1fae83069ae5ab197398fb4.pdf,True
Lagos,2022,39,September,47.0,1.0,2.1,8.0,0.0,,,,,,,,B,high,text_cluster_ocr,https://ncdc.gov.ng/themes/common/files/sitreps/983477614bd2dc4fe1250b98efc113d8.pdf,True
Lagos,2022,43,October,47.0,1.0,2.1,8.0,0.0,,,,,,,,B,high,text_cluster_plaintext,https://ncdc.gov.ng/themes/common/files/sitreps/c572c11c51795f17da11a4d04d5217f8.pdf,True
Lagos,2022,52,December,47.0,1.0,2.1,8.0,0.0,,,,,,,,B,high,text_cluster_ocr,https://ncdc.gov.ng/themes/common/files/sitreps/114c6e786ac78f09d484f070d72f2f0c.pdf,True
Nasarawa,2022,21,May,2.0,0.0,0.0,2.0,50.0,1.0,0.0,,,,,,B,high,text_cluster_ocr,https://ncdc.gov.ng/themes/common/files/sitreps/57923ecb70246039b310bf3a88407571.pdf,True
Nasarawa,2022,26,June,4.0,0.0,0.0,2.0,50.0,1.0,0.0,,,,,,B,reassembled,text_cluster_ocr,https://ncdc.gov.ng/themes/common/files/sitreps/5ca21f31869ca49cd417dfedc5cddb1e.pdf,True
Nasarawa,2022,30,July,13.0,0.0,0.0,2.0,50.0,8.0,0.0,,,,,,B,reassembled,text_cluster_ocr,https://ncdc.gov.ng/themes/common/files/sitreps/6fc4028c21e08d759ff801c807aadb4c.pdf,True
Nasarawa,2022,35,August,13.0,0.0,0.0,2.0,50.0,,,,,,,,B,reassembled,text_cluster_ocr,https://ncdc.gov.ng/themes/common/files/sitreps/bc08e245d1fae83069ae5ab197398fb4.pdf,True
Nasarawa,2022,43,October,12.0,0.0,0.0,2.0,50.0,7.0,0.0,,,,,,B,reassembled,text_cluster_plaintext,https://ncdc.gov.ng/themes/common/files/sitreps/c572c11c51795f17da11a4d04d5217f8.pdf,False
Nasarawa,2022,52,December,12.0,0.0,0.0,2.0,50.0,7.0,0.0,,,,,,B,reassembled,text_cluster_ocr,https://ncdc.gov.ng/themes/common/files/sitreps/114c6e786ac78f09d484f070d72f2f0c.pdf,True
Niger,2022,21,May,1.0,0.0,0.0,,,,,,,,,,B,high,text_cluster_ocr,https://ncdc.gov.ng/themes/common/files/sitreps/57923ecb70246039b310bf3a88407571.pdf,True
Niger,2022,26,June,1.0,0.0,0.0,,,,,,,,,,B,reassembled,text_cluster_ocr,https://ncdc.gov.ng/themes/common/files/sitreps/5ca21f31869ca49cd417dfedc5cddb1e.pdf,True
Niger,2022,30,July,1.0,0.0,0.0,,,,,,,,,,B,reassembled,text_cluster_ocr,https://ncdc.gov.ng/themes/common/files/sitreps/6fc4028c21e08d759ff801c807aadb4c.pdf,True
Niger,2022,35,August,1.0,0.0,0.0,,,,,,,,,,B,reassembled,text_cluster_ocr,https://ncdc.gov.ng/themes/common/files/sitreps/bc08e245d1fae83069ae5ab197398fb4.pdf,True
Niger,2022,43,October,1.0,0.0,0.0,,,,,,,,,,B,reassembled,text_cluster_plaintext,https://ncdc.gov.ng/themes/common/files/sitreps/c572c11c51795f17da11a4d04d5217f8.pdf,True
Niger,2022,52,December,1.0,0.0,0.0,,,,,,,,,,B,reassembled,text_cluster_ocr,https://ncdc.gov.ng/themes/common/files/sitreps/114c6e786ac78f09d484f070d72f2f0c.pdf,True
Ondo,2022,21,May,41.0,0.0,0.0,40.0,3.0,16.0,13.0,,,,,,B,high,text_cluster_ocr,https://ncdc.gov.ng/themes/common/files/sitreps/57923ecb70246039b310bf3a88407571.pdf,True
Ondo,2022,26,June,12117.0,2.0,0.0,88.0,1.0,69.0,3.0,,,,,,B,reassembled,text_cluster_ocr,https://ncdc.gov.ng/themes/common/files/sitreps/5ca21f31869ca49cd417dfedc5cddb1e.pdf,True
Ondo,2022,30,July,283.0,0.0,0.0,88.0,1.0,190.0,2.0,,,,,,B,reassembled,text_cluster_ocr,https://ncdc.gov.ng/themes/common/files/sitreps/6fc4028c21e08d759ff801c807aadb4c.pdf,False
Ondo,2022,35,August,283.0,0.0,0.0,,,,,,,,,,B,reassembled,text_cluster_ocr,https://ncdc.gov.ng/themes/common/files/sitreps/bc08e245d1fae83069ae5ab197398fb4.pdf,True
Ondo,2022,52,December,236.0,0.0,0.0,88.0,1.0,156.0,3.0,,,,,,B,reassembled,text_cluster_ocr,https://ncdc.gov.ng/themes/common/files/sitreps/114c6e786ac78f09d484f070d72f2f0c.pdf,False
Osun,2022,21,May,4.0,0.0,0.0,3.0,0.0,,,,,,,,B,high,text_cluster_ocr,https://ncdc.gov.ng/themes/common/files/sitreps/57923ecb70246039b310bf3a88407571.pdf,True
Osun,2022,26,June,4.0,0.0,0.0,3.0,0.0,,,,,,,,B,reassembled,text_cluster_ocr,https://ncdc.gov.ng/themes/common/files/sitreps/5ca21f31869ca49cd417dfedc5cddb1e.pdf,True
Osun,2022,30,July,3.0,0.0,0.0,2.0,0.0,,,,,,,,B,reassembled,text_cluster_ocr,https://ncdc.gov.ng/themes/common/files/sitreps/6fc4028c21e08d759ff801c807aadb4c.pdf,False
Osun,2022,43,October,3.0,0.0,0.0,2.0,0.0,,,,,,,,B,reassembled,text_cluster_plaintext,https://ncdc.gov.ng/themes/common/files/sitreps/c572c11c51795f17da11a4d04d5217f8.pdf,True
Osun,2022,52,December,3.0,0.0,0.0,2.0,0.0,,,,,,,,B,reassembled,text_cluster_ocr,https://ncdc.gov.ng/themes/common/files/sitreps/114c6e786ac78f09d484f070d72f2f0c.pdf,True
Oyo,2022,21,May,2.0,0.0,0.0,,,,,,,,,,B,high,text_cluster_ocr,https://ncdc.gov.ng/themes/common/files/sitreps/57923ecb70246039b310bf3a88407571.pdf,True
Oyo,2022,26,June,2.0,0.0,0.0,,,,,,,,,,B,reassembled,text_cluster_ocr,https://ncdc.gov.ng/themes/common/files/sitreps/5ca21f31869ca49cd417dfedc5cddb1e.pdf,True
Oyo,2022,30,July,2.0,0.0,0.0,,,,,,,,,,B,reassembled,text_cluster_ocr,https://ncdc.gov.ng/themes/common/files/sitreps/6fc4028c21e08d759ff801c807aadb4c.pdf,True
Oyo,2022,35,August,2.0,0.0,0.0,,,,,,,,,,B,reassembled,text_cluster_ocr,https://ncdc.gov.ng/themes/common/files/sitreps/bc08e245d1fae83069ae5ab197398fb4.pdf,True
Oyo,2022,43,October,2.0,0.0,0.0,,,,,,,,,,B,reassembled,text_cluster_plaintext,https://ncdc.gov.ng/themes/common/files/sitreps/c572c11c51795f17da11a4d04d5217f8.pdf,True
Oyo,2022,52,December,2.0,0.0,0.0,,,,,,,,,,B,reassembled,text_cluster_ocr,https://ncdc.gov.ng/themes/common/files/sitreps/114c6e786ac78f09d484f070d72f2f0c.pdf,True
Plateau,2022,21,May,24.0,1.0,4.2,8.0,25.0,,,,,,,,B,high,text_cluster_ocr,https://ncdc.gov.ng/themes/common/files/sitreps/57923ecb70246039b310bf3a88407571.pdf,True
Plateau,2022,26,June,28.0,1.0,3.6,8.0,25.0,,,,,,,,B,high,text_cluster_ocr,https://ncdc.gov.ng/themes/common/files/sitreps/5ca21f31869ca49cd417dfedc5cddb1e.pdf,True
Plateau,2022,30,July,45.0,1.0,2.2,11.0,18.0,,,,,,,,B,high,text_cluster_ocr,https://ncdc.gov.ng/themes/common/files/sitreps/6fc4028c21e08d759ff801c807aadb4c.pdf,True
Plateau,2022,35,August,45.0,1.0,2.2,,,,,,,,,,B,high,text_cluster_ocr,https://ncdc.gov.ng/themes/common/files/sitreps/bc08e245d1fae83069ae5ab197398fb4.pdf,True
Plateau,2022,39,September,39.0,1.0,2.6,9.0,22.0,,,,,,,,B,high,text_cluster_ocr,https://ncdc.gov.ng/themes/common/files/sitreps/983477614bd2dc4fe1250b98efc113d8.pdf,False
Plateau,2022,43,October,39.0,1.0,2.6,9.0,22.0,,,,,,,,B,high,text_cluster_plaintext,https://ncdc.gov.ng/themes/common/files/sitreps/c572c11c51795f17da11a4d04d5217f8.pdf,True
Plateau,2022,52,December,39.0,1.0,2.6,9.0,22.0,,,,,,,,B,high,text_cluster_ocr,https://ncdc.gov.ng/themes/common/files/sitreps/114c6e786ac78f09d484f070d72f2f0c.pdf,True
Rivers,2022,21,May,50.0,3.0,6.0,5.0,100.0,1.0,0.0,,,,,,B,high,text_cluster_ocr,https://ncdc.gov.ng/themes/common/files/sitreps/57923ecb70246039b310bf3a88407571.pdf,True
Rivers,2022,26,June,45.0,3.0,6.7,1.0,0.0,,,,,,,,B,high,text_cluster_ocr,https://ncdc.gov.ng/themes/common/files/sitreps/5ca21f31869ca49cd417dfedc5cddb1e.pdf,False
Rivers,2022,30,July,50.0,3.0,6.0,5.0,100.0,1.0,0.0,,,,,,B,high,text_cluster_ocr,https://ncdc.gov.ng/themes/common/files/sitreps/6fc4028c21e08d759ff801c807aadb4c.pdf,True
Rivers,2022,35,August,50.0,3.0,6.0,,,,,,,,,,B,high,text_cluster_ocr,https://ncdc.gov.ng/themes/common/files/sitreps/bc08e245d1fae83069ae5ab197398fb4.pdf,True
Rivers,2022,43,October,50.0,3.0,6.0,5.0,100.0,1.0,0.0,,,,,,B,high,text_cluster_plaintext,https://ncdc.gov.ng/themes/common/files/sitreps/c572c11c51795f17da11a4d04d5217f8.pdf,True
Rivers,2022,52,December,50.0,3.0,6.0,5.0,100.0,1.0,0.0,,,,,,B,high,text_cluster_ocr,https://ncdc.gov.ng/themes/common/files/sitreps/114c6e786ac78f09d484f070d72f2f0c.pdf,True
Sokoto,2022,21,May,7.0,0.0,0.0,,,,,,,,,,B,high,text_cluster_ocr,https://ncdc.gov.ng/themes/common/files/sitreps/57923ecb70246039b310bf3a88407571.pdf,True
Sokoto,2022,26,June,13.0,0.0,0.0,,,,,,,,,,B,reassembled,text_cluster_ocr,https://ncdc.gov.ng/themes/common/files/sitreps/5ca21f31869ca49cd417dfedc5cddb1e.pdf,True
Sokoto,2022,30,July,40.0,0.0,0.0,,,,,,,,,,B,reassembled,text_cluster_ocr,https://ncdc.gov.ng/themes/common/files/sitreps/6fc4028c21e08d759ff801c807aadb4c.pdf,True
Sokoto,2022,35,August,40.0,0.0,0.0,,,,,,,,,,B,reassembled,text_cluster_ocr,https://ncdc.gov.ng/themes/common/files/sitreps/bc08e245d1fae83069ae5ab197398fb4.pdf,True
Sokoto,2022,39,September,258.0,6.0,2.3,45.0,16.0,4.0,25.0,,,,,,B,high,text_cluster_ocr,https://ncdc.gov.ng/themes/common/files/sitreps/983477614bd2dc4fe1250b98efc113d8.pdf,True
Sokoto,2022,43,October,339.0,7.0,2.1,54.0,26.0,4.0,25.0,,,,,,B,reassembled,text_cluster_plaintext,https://ncdc.gov.ng/themes/common/files/sitreps/c572c11c51795f17da11a4d04d5217f8.pdf,True
Taraba,2022,21,May,651.0,28.0,4.3,135.0,44.0,37.0,49.0,,,,,,B,high,text_cluster_ocr,https://ncdc.gov.ng/themes/common/files/sitreps/57923ecb70246039b310bf3a88407571.pdf,True
Taraba,2022,30,July,676.0,28.0,4.1,136.0,44.0,59.0,58.0,,,,,,B,high,text_cluster_ocr,https://ncdc.gov.ng/themes/common/files/sitreps/6fc4028c21e08d759ff801c807aadb4c.pdf,True
Taraba,2022,35,August,676.0,28.0,4.1,,,,,,,,,,B,high,text_cluster_ocr,https://ncdc.gov.ng/themes/common/files/sitreps/bc08e245d1fae83069ae5ab197398fb4.pdf,True
Taraba,2022,39,September,675.0,28.0,4.1,136.0,44.0,60.0,57.0,,,,,,B,high,text_cluster_ocr,https://ncdc.gov.ng/themes/common/files/sitreps/983477614bd2dc4fe1250b98efc113d8.pdf,False
Taraba,2022,43,October,1145.0,64.0,5.6,207.0,40.0,84.0,46.0,,,,,,B,high,text_cluster_plaintext,https://ncdc.gov.ng/themes/common/files/sitreps/c572c11c51795f17da11a4d04d5217f8.pdf,True
Taraba,2022,52,December,1153.0,66.0,5.7,204.0,39.0,81.0,48.0,,,,,,B,high,text_cluster_ocr,https://ncdc.gov.ng/themes/common/files/sitreps/114c6e786ac78f09d484f070d72f2f0c.pdf,True
Yobe,2022,26,June,5.0,0.0,0.0,2.0,0.0,2.0,0.0,,,,,,B,reassembled,text_cluster_ocr,https://ncdc.gov.ng/themes/common/files/sitreps/5ca21f31869ca49cd417dfedc5cddb1e.pdf,True
Yobe,2022,35,August,918.0,33.0,3.6,,,,,,,,,,B,high,text_cluster_ocr,https://ncdc.gov.ng/themes/common/files/sitreps/bc08e245d1fae83069ae5ab197398fb4.pdf,True
Yobe,2022,39,September,1632.0,39.0,2.4,181.0,53.0,104.0,68.0,,,,,,B,high,text_cluster_ocr,https://ncdc.gov.ng/themes/common/files/sitreps/983477614bd2dc4fe1250b98efc113d8.pdf,True
Yobe,2022,43,October,1888.0,39.0,2.1,207.0,50.0,104.0,68.0,,,,,,B,high,text_cluster_plaintext,https://ncdc.gov.ng/themes/common/files/sitreps/c572c11c51795f17da11a4d04d5217f8.pdf,True
Yobe,2022,52,December,1888.0,39.0,2.1,189.0,55.0,104.0,68.0,,,,,,B,high,text_cluster_ocr,https://ncdc.gov.ng/themes/common/files/sitreps/114c6e786ac78f09d484f070d72f2f0c.pdf,True
Zamfara,2022,21,May,28.0,2.0,7.1,,,,,,,,,,B,high,text_cluster_ocr,https://ncdc.gov.ng/themes/common/files/sitreps/57923ecb70246039b310bf3a88407571.pdf,True
Zamfara,2022,30,July,178.0,5.0,2.8,,,,,,,,,,B,high,text_cluster_ocr,https://ncdc.gov.ng/themes/common/files/sitreps/6fc4028c21e08d759ff801c807aadb4c.pdf,True
Zamfara,2022,35,August,180.0,6.0,3.3,,,,,,,,,,B,high,text_cluster_ocr,https://ncdc.gov.ng/themes/common/files/sitreps/bc08e245d1fae83069ae5ab197398fb4.pdf,True
Zamfara,2022,39,September,630.0,5.0,0.8,37.0,57.0,,,,,,,,B,high,text_cluster_ocr,https://ncdc.gov.ng/themes/common/files/sitreps/983477614bd2dc4fe1250b98efc113d8.pdf,False
Zamfara,2022,43,October,630.0,5.0,0.8,37.0,57.0,,,,,,,,B,reassembled,text_cluster_plaintext,https://ncdc.gov.ng/themes/common/files/sitreps/c572c11c51795f17da11a4d04d5217f8.pdf,True
Zamfara,2022,52,December,652.0,5.0,0.8,37.0,57.0,,,,,,,,B,high,text_cluster_ocr,https://ncdc.gov.ng/themes/common/files/sitreps/114c6e786ac78f09d484f070d72f2f0c.pdf,True
Abia,2023,9,March,72.0,6.0,8.3,50.0,20.0,,,,,,,,B,high,text_cluster_ocr,https://ncdc.gov.ng/themes/common/files/sitreps/8898421117dff683ef3e9e31a8d338b5.pdf,True
Abia,2023,13,March,72.0,6.0,8.3,50.0,20.0,,,,,,,,B,high,text_cluster_ocr,https://ncdc.gov.ng/themes/common/files/sitreps/8e22fc93c483a168480cfe09f13e2aac.pdf,True
Abia,2023,21,May,118.0,6.0,5.1,56.0,25.0,3.0,100.0,,,,,,B,high,text_cluster_plaintext,https://ncdc.gov.ng/themes/common/files/sitreps/b647394c0962a21ff628b1cece83ae54.pdf,True
Abia,2023,26,June,118.0,6.0,5.1,56.0,25.0,3.0,100.0,,,,,,B,high,text_cluster_plaintext,https://ncdc.gov.ng/themes/common/files/sitreps/86eded9cb1059c26a10168b091554d79.pdf,True
Abia,2023,30,July,118.0,6.0,5.1,56.0,25.0,3.0,100.0,,,,,,B,high,text_cluster_plaintext,https://ncdc.gov.ng/themes/common/files/sitreps/f61d3dfa05fac93cd2e2454265bb5314.pdf,True
Abia,2023,34,August,118.0,6.0,5.1,56.0,25.0,,,,,,,,B,high,text_cluster_ocr,https://ncdc.gov.ng/themes/common/files/sitreps/b5312dee1262249339935f0e48b49bde.pdf,True
Abia,2023,39,September,149.0,9.0,6.0,55.0,24.0,17.0,24.0,,,,,,B,high,text_cluster_ocr,https://ncdc.gov.ng/themes/common/files/sitreps/2481381156b173626e82e02f822ce8c5.pdf,True
Abia,2023,47,November,142.0,7.0,4.9,55.0,24.0,11.0,27.0,,,,,,B,high,text_cluster_ocr,https://ncdc.gov.ng/themes/common/files/sitreps/68d1fd52026df8037795393cb1ddd5fd.pdf,False
Abia,2023,52,December,142.0,7.0,4.9,55.0,24.0,11.0,27.0,,,,,,B,high,text_cluster_ocr,https://ncdc.gov.ng/themes/common/files/sitreps/bd3442b030951d6ed73d475d1d4d0c18.pdf,True
Adamawa,2023,26,June,2.0,0.0,0.0,2.0,0.0,,,,,,,,B,reassembled,text_cluster_plaintext,https://ncdc.gov.ng/themes/common/files/sitreps/86eded9cb1059c26a10168b091554d79.pdf,True
Adamawa,2023,34,August,4.0,1.0,25.0,4.0,25.0,,,,,,,,B,high,text_cluster_ocr,https://ncdc.gov.ng/themes/common/files/sitreps/b5312dee1262249339935f0e48b49bde.pdf,True
Adamawa,2023,39,September,43.0,1.0,2.3,10.0,30.0,,,,,,,,B,high,text_cluster_ocr,https://ncdc.gov.ng/themes/common/files/sitreps/2481381156b173626e82e02f822ce8c5.pdf,True
Adamawa,2023,47,November,61.0,1.0,1.6,25.0,12.0,,,,,,,,B,high,text_cluster_ocr,https://ncdc.gov.ng/themes/common/files/sitreps/68d1fd52026df8037795393cb1ddd5fd.pdf,True
Adamawa,2023,52,December,62.0,1.0,1.6,25.0,12.0,,,,,,,,B,high,text_cluster_ocr,https://ncdc.gov.ng/themes/common/files/sitreps/bd3442b030951d6ed73d475d1d4d0c18.pdf,True
Anambra,2023,21,May,1.0,0.0,0.0,,,,,,,,,,B,reassembled,text_cluster_plaintext,https://ncdc.gov.ng/themes/common/files/sitreps/b647394c0962a21ff628b1cece83ae54.pdf,True
Anambra,2023,26,June,1.0,0.0,0.0,,,,,,,,,,B,reassembled,text_cluster_plaintext,https://ncdc.gov.ng/themes/common/files/sitreps/86eded9cb1059c26a10168b091554d79.pdf,True
Anambra,2023,30,July,1.0,0.0,0.0,,,,,,,,,,B,reassembled,text_cluster_plaintext,https://ncdc.gov.ng/themes/common/files/sitreps/f61d3dfa05fac93cd2e2454265bb5314.pdf,True
Anambra,2023,34,August,1.0,0.0,0.0,,,,,,,,,,B,reassembled,text_cluster_ocr,https://ncdc.gov.ng/themes/common/files/sitreps/b5312dee1262249339935f0e48b49bde.pdf,True
Anambra,2023,39,September,1.0,0.0,0.0,,,,,,,,,,B,reassembled,text_cluster_ocr,https://ncdc.gov.ng/themes/common/files/sitreps/2481381156b173626e82e02f822ce8c5.pdf,True
Bauchi,2023,9,March,2.0,0.0,0.0,,,,,,,,,,B,reassembled,text_cluster_ocr,https://ncdc.gov.ng/themes/common/files/sitreps/8898421117dff683ef3e9e31a8d338b5.pdf,True
Bauchi,2023,21,May,2.0,0.0,0.0,,,,,,,,,,B,reassembled,text_cluster_plaintext,https://ncdc.gov.ng/themes/common/files/sitreps/b647394c0962a21ff628b1cece83ae54.pdf,True
Bauchi,2023,26,June,15.0,0.0,0.0,2.0,0.0,,,,,,,,B,reassembled,text_cluster_plaintext,https://ncdc.gov.ng/themes/common/files/sitreps/86eded9cb1059c26a10168b091554d79.pdf,True
Bauchi,2023,30,July,25.0,0.0,0.0,3.0,0.0,,,,,,,,B,reassembled,text_cluster_plaintext,https://ncdc.gov.ng/themes/common/files/sitreps/f61d3dfa05fac93cd2e2454265bb5314.pdf,True
Bauchi,2023,39,September,28.0,1.0,3.6,4.0,0.0,,,,,,,,B,high,text_cluster_ocr,https://ncdc.gov.ng/themes/common/files/sitreps/2481381156b173626e82e02f822ce8c5.pdf,True
Bauchi,2023,47,November,30.0,1.0,3.3,5.0,0.0,,,,,,,,B,high,text_cluster_ocr,https://ncdc.gov.ng/themes/common/files/sitreps/68d1fd52026df8037795393cb1ddd5fd.pdf,True
Bauchi,2023,52,December,30.0,1.0,3.3,5.0,0.0,,,,,,,,B,high,text_cluster_ocr,https://ncdc.gov.ng/themes/common/files/sitreps/bd3442b030951d6ed73d475d1d4d0c18.pdf,True
Bayelsa,2023,9,March,16.0,1.0,6.3,13.0,31.0,1.0,100.0,,,,,,B,high,text_cluster_ocr,https://ncdc.gov.ng/themes/common/files/sitreps/8898421117dff683ef3e9e31a8d338b5.pdf,True
Bayelsa,2023,13,March,98.0,1.0,1.0,13.0,31.0,1.0,100.0,,,,,,B,high,text_cluster_ocr,https://ncdc.gov.ng/themes/common/files/sitreps/8e22fc93c483a168480cfe09f13e2aac.pdf,True
Bayelsa,2023,17,April,160.0,1.0,0.6,30.0,37.0,9.0,119.0,,,,,,B,high,text_cluster_ocr,https://ncdc.gov.ng/themes/common/files/sitreps/e9f8edd33205ea8a712c9741b2cbd8e4.pdf,True
Bayelsa,2023,21,May,204.0,1.0,0.5,43.0,40.0,17.0,12.0,,,,,,B,high,text_cluster_plaintext,https://ncdc.gov.ng/themes/common/files/sitreps/b647394c0962a21ff628b1cece83ae54.pdf,True
Bayelsa,2023,26,June,205.0,1.0,0.5,44.0,41.0,18.0,11.0,,,,,,B,high,text_cluster_plaintext,https://ncdc.gov.ng/themes/common/files/sitreps/86eded9cb1059c26a10168b091554d79.pdf,True
Bayelsa,2023,30,July,254.0,1.0,0.4,93.0,22.0,20.0,10.0,,,,,,B,high,text_cluster_plaintext,https://ncdc.gov.ng/themes/common/files/sitreps/f61d3dfa05fac93cd2e2454265bb5314.pdf,True
Bayelsa,2023,34,August,265.0,1.0,0.4,99.0,21.0,,,,,,,,B,high,text_cluster_ocr,https://ncdc.gov.ng/themes/common/files/sitreps/b5312dee1262249339935f0e48b49bde.pdf,True
Bayelsa,2023,39,September,341.0,4.0,1.2,118.0,19.0,27.0,7.0,,,,,,B,high,text_cluster_ocr,https://ncdc.gov.ng/themes/common/files/sitreps/2481381156b173626e82e02f822ce8c5.pdf,True
Bayelsa,2023,47,November,319.0,4.0,1.3,111.0,22.0,24.0,8.0,,,,,,B,high,text_cluster_ocr,https://ncdc.gov.ng/themes/common/files/sitreps/68d1fd52026df8037795393cb1ddd5fd.pdf,False
Bayelsa,2023,52,December,319.0,4.0,1.3,111.0,22.0,24.0,8.0,,,,,,B,high,text_cluster_ocr,https://ncdc.gov.ng/themes/common/files/sitreps/bd3442b030951d6ed73d475d1d4d0c18.pdf,True
Benue,2023,21,May,2.0,0.0,0.0,2.0,0.0,,,,,,,,B,reassembled,text_cluster_plaintext,https://ncdc.gov.ng/themes/common/files/sitreps/b647394c0962a21ff628b1cece83ae54.pdf,True
Benue,2023,26,June,2.0,0.0,0.0,2.0,0.0,,,,,,,,B,reassembled,text_cluster_plaintext,https://ncdc.gov.ng/themes/common/files/sitreps/86eded9cb1059c26a10168b091554d79.pdf,True
Benue,2023,30,July,2.0,0.0,0.0,2.0,0.0,,,,,,,,B,reassembled,text_cluster_plaintext,https://ncdc.gov.ng/themes/common/files/sitreps/f61d3dfa05fac93cd2e2454265bb5314.pdf,True
Benue,2023,34,August,2.0,0.0,0.0,2.0,0.0,,,,,,,,B,reassembled,text_cluster_ocr,https://ncdc.gov.ng/themes/common/files/sitreps/b5312dee1262249339935f0e48b49bde.pdf,True
Benue,2023,39,September,2.0,0.0,0.0,2.0,0.0,,,,,,,,B,reassembled,text_cluster_ocr,https://ncdc.gov.ng/themes/common/files/sitreps/2481381156b173626e82e02f822ce8c5.pdf,True
Benue,2023,47,November,2.0,0.0,0.0,2.0,0.0,,,,,,,,B,reassembled,text_cluster_ocr,https://ncdc.gov.ng/themes/common/files/sitreps/68d1fd52026df8037795393cb1ddd5fd.pdf,True
Benue,2023,52,December,9.0,1.0,11.1,2.0,0.0,,,,,,,,B,high,text_cluster_ocr,https://ncdc.gov.ng/themes/common/files/sitreps/bd3442b030951d6ed73d475d1d4d0c18.pdf,True
Borno,2023,26,June,7.0,0.0,0.0,2.0,0.0,,,,,,,,B,reassembled,text_cluster_plaintext,https://ncdc.gov.ng/themes/common/files/sitreps/86eded9cb1059c26a10168b091554d79.pdf,True
Borno,2023,30,July,23.0,0.0,0.0,6.0,0.0,,,,,,,,B,reassembled,text_cluster_plaintext,https://ncdc.gov.ng/themes/common/files/sitreps/f61d3dfa05fac93cd2e2454265bb5314.pdf,True
Borno,2023,34,August,36.0,6.0,16.7,,,,,,,,,,B,high,text_cluster_ocr,https://ncdc.gov.ng/themes/common/files/sitreps/b5312dee1262249339935f0e48b49bde.pdf,True
Borno,2023,39,September,37.0,6.0,16.2,16.0,50.0,,,,,,,,B,high,text_cluster_ocr,https://ncdc.gov.ng/themes/common/files/sitreps/2481381156b173626e82e02f822ce8c5.pdf,True
Borno,2023,47,November,38.0,6.0,15.8,17.0,47.0,,,,,,,,B,high,text_cluster_ocr,https://ncdc.gov.ng/themes/common/files/sitreps/68d1fd52026df8037795393cb1ddd5fd.pdf,True
Borno,2023,52,December,38.0,6.0,15.8,17.0,47.0,,,,,,,,B,high,text_cluster_ocr,https://ncdc.gov.ng/themes/common/files/sitreps/bd3442b030951d6ed73d475d1d4d0c18.pdf,True
Cross River,2023,9,March,647.0,16.0,2.5,213.0,30.0,49.0,16.0,,,,,,B,high,text_cluster_ocr,https://ncdc.gov.ng/themes/common/files/sitreps/8898421117dff683ef3e9e31a8d338b5.pdf,True
Cross River,2023,13,March,709.0,16.0,2.3,220.0,32.0,56.0,18.0,,,,,,B,high,text_cluster_ocr,https://ncdc.gov.ng/themes/common/files/sitreps/8e22fc93c483a168480cfe09f13e2aac.pdf,True
Cross River,2023,17,April,718.0,16.0,2.2,227.0,34.0,63.0,19.0,,,,,,B,high,text_cluster_ocr,https://ncdc.gov.ng/themes/common/files/sitreps/e9f8edd33205ea8a712c9741b2cbd8e4.pdf,True
Cross River,2023,21,May,718.0,16.0,2.2,227.0,34.0,63.0,19.0,,,,,,B,high,text_cluster_plaintext,https://ncdc.gov.ng/themes/common/files/sitreps/b647394c0962a21ff628b1cece83ae54.pdf,True
Cross River,2023,26,June,718.0,16.0,2.2,227.0,34.0,63.0,19.0,,,,,,B,high,text_cluster_plaintext,https://ncdc.gov.ng/themes/common/files/sitreps/86eded9cb1059c26a10168b091554d79.pdf,True
Cross River,2023,30,July,718.0,17.0,2.4,227.0,34.0,63.0,19.0,,,,,,B,high,text_cluster_plaintext,https://ncdc.gov.ng/themes/common/files/sitreps/f61d3dfa05fac93cd2e2454265bb5314.pdf,True
Cross River,2023,34,August,718.0,16.0,2.2,227.0,34.0,,,,,,,,B,high,text_cluster_ocr,https://ncdc.gov.ng/themes/common/files/sitreps/b5312dee1262249339935f0e48b49bde.pdf,False
Cross River,2023,39,September,718.0,16.0,2.2,227.0,34.0,63.0,19.0,,,,,,B,high,text_cluster_ocr,https://ncdc.gov.ng/themes/common/files/sitreps/2481381156b173626e82e02f822ce8c5.pdf,True
Cross River,2023,47,November,718.0,16.0,2.2,227.0,34.0,63.0,19.0,,,,,,B,high,text_cluster_ocr,https://ncdc.gov.ng/themes/common/files/sitreps/68d1fd52026df8037795393cb1ddd5fd.pdf,True
Cross River,2023,52,December,718.0,16.0,2.2,227.0,34.0,63.0,19.0,,,,,,B,high,text_cluster_ocr,https://ncdc.gov.ng/themes/common/files/sitreps/bd3442b030951d6ed73d475d1d4d0c18.pdf,True
Delta,2023,47,November,17.0,4.0,23.5,2.0,50.0,,,,,,,,B,high,text_cluster_ocr,https://ncdc.gov.ng/themes/common/files/sitreps/68d1fd52026df8037795393cb1ddd5fd.pdf,True
Delta,2023,52,December,20.0,6.0,30.0,2.0,50.0,,,,,,,,B,high,text_cluster_ocr,https://ncdc.gov.ng/themes/common/files/sitreps/bd3442b030951d6ed73d475d1d4d0c18.pdf,True
Ebonyi,2023,9,March,97.0,6.0,6.2,15.0,0.0,15.0,0.0,,,,,,B,high,text_cluster_ocr,https://ncdc.gov.ng/themes/common/files/sitreps/8898421117dff683ef3e9e31a8d338b5.pdf,True
Ebonyi,2023,13,March,183.0,8.0,4.4,,,,,,,,,,B,high,text_cluster_ocr,https://ncdc.gov.ng/themes/common/files/sitreps/8e22fc93c483a168480cfe09f13e2aac.pdf,True
Ebonyi,2023,17,April,227.0,9.0,4.0,5.0,0.0,,,,,,,,B,high,text_cluster_ocr,https://ncdc.gov.ng/themes/common/files/sitreps/e9f8edd33205ea8a712c9741b2cbd8e4.pdf,True
Ebonyi,2023,21,May,227.0,9.0,4.0,5.0,0.0,,,,,,,,B,high,text_cluster_plaintext,https://ncdc.gov.ng/themes/common/files/sitreps/b647394c0962a21ff628b1cece83ae54.pdf,True
Ebonyi,2023,26,June,227.0,9.0,4.0,5.0,0.0,,,,,,,,B,high,text_cluster_plaintext,https://ncdc.gov.ng/themes/common/files/sitreps/86eded9cb1059c26a10168b091554d79.pdf,True
Ebonyi,2023,30,July,227.0,9.0,4.0,5.0,0.0,,,,,,,,B,high,text_cluster_plaintext,https://ncdc.gov.ng/themes/common/files/sitreps/f61d3dfa05fac93cd2e2454265bb5314.pdf,True
Ebonyi,2023,34,August,227.0,9.0,4.0,5.0,0.0,,,,,,,,B,high,text_cluster_ocr,https://ncdc.gov.ng/themes/common/files/sitreps/b5312dee1262249339935f0e48b49bde.pdf,True
Ebonyi,2023,39,September,227.0,9.0,4.0,5.0,0.0,,,,,,,,B,high,text_cluster_ocr,https://ncdc.gov.ng/themes/common/files/sitreps/2481381156b173626e82e02f822ce8c5.pdf,True
Ebonyi,2023,47,November,227.0,9.0,4.0,5.0,0.0,,,,,,,,B,high,text_cluster_ocr,https://ncdc.gov.ng/themes/common/files/sitreps/68d1fd52026df8037795393cb1ddd5fd.pdf,True
Ebonyi,2023,52,December,236.0,9.0,3.8,5.0,0.0,,,,,,,,B,high,text_cluster_ocr,https://ncdc.gov.ng/themes/common/files/sitreps/bd3442b030951d6ed73d475d1d4d0c18.pdf,True
Ekiti,2023,21,May,1.0,0.0,0.0,1.0,0.0,,,,,,,,B,reassembled,text_cluster_plaintext,https://ncdc.gov.ng/themes/common/files/sitreps/b647394c0962a21ff628b1cece83ae54.pdf,True
Ekiti,2023,26,June,1.0,0.0,0.0,1.0,0.0,,,,,,,,B,reassembled,text_cluster_plaintext,https://ncdc.gov.ng/themes/common/files/sitreps/86eded9cb1059c26a10168b091554d79.pdf,True
Ekiti,2023,30,July,1.0,0.0,0.0,1.0,0.0,,,,,,,,B,reassembled,text_cluster_plaintext,https://ncdc.gov.ng/themes/common/files/sitreps/f61d3dfa05fac93cd2e2454265bb5314.pdf,True
Ekiti,2023,34,August,1.0,0.0,0.0,1.0,0.0,,,,,,,,B,reassembled,text_cluster_ocr,https://ncdc.gov.ng/themes/common/files/sitreps/b5312dee1262249339935f0e48b49bde.pdf,True
Ekiti,2023,39,September,1.0,0.0,0.0,1.0,0.0,,,,,,,,B,reassembled,text_cluster_ocr,https://ncdc.gov.ng/themes/common/files/sitreps/2481381156b173626e82e02f822ce8c5.pdf,True
Gombe,2023,21,May,3.0,0.0,0.0,1.0,100.0,,,,,,,,B,reassembled,text_cluster_plaintext,https://ncdc.gov.ng/themes/common/files/sitreps/b647394c0962a21ff628b1cece83ae54.pdf,True
Gombe,2023,26,June,3.0,0.0,0.0,1.0,100.0,,,,,,,,B,reassembled,text_cluster_plaintext,https://ncdc.gov.ng/themes/common/files/sitreps/86eded9cb1059c26a10168b091554d79.pdf,True
Gombe,2023,30,July,9.0,0.0,0.0,2.0,50.0,,,,,,,,B,reassembled,text_cluster_plaintext,https://ncdc.gov.ng/themes/common/files/sitreps/f61d3dfa05fac93cd2e2454265bb5314.pdf,True
Gombe,2023,34,August,10.0,0.0,0.0,3.0,33.0,,,,,,,,B,reassembled,text_cluster_ocr,https://ncdc.gov.ng/themes/common/files/sitreps/b5312dee1262249339935f0e48b49bde.pdf,True
Imo,2023,21,May,1.0,0.0,0.0,1.0,0.0,,,,,,,,B,reassembled,text_cluster_plaintext,https://ncdc.gov.ng/themes/common/files/sitreps/b647394c0962a21ff628b1cece83ae54.pdf,True
Imo,2023,26,June,1.0,0.0,0.0,1.0,0.0,,,,,,,,B,reassembled,text_cluster_plaintext,https://ncdc.gov.ng/themes/common/files/sitreps/86eded9cb1059c26a10168b091554d79.pdf,True
Imo,2023,30,July,1.0,0.0,0.0,1.0,0.0,,,,,,,,B,reassembled,text_cluster_plaintext,https://ncdc.gov.ng/themes/common/files/sitreps/f61d3dfa05fac93cd2e2454265bb5314.pdf,True
Imo,2023,34,August,1.0,0.0,0.0,1.0,0.0,,,,,,,,B,reassembled,text_cluster_ocr,https://ncdc.gov.ng/themes/common/files/sitreps/b5312dee1262249339935f0e48b49bde.pdf,True
Imo,2023,39,September,1.0,0.0,0.0,1.0,0.0,,,,,,,,B,reassembled,text_cluster_ocr,https://ncdc.gov.ng/themes/common/files/sitreps/2481381156b173626e82e02f822ce8c5.pdf,True
Jigawa,2023,21,May,24.0,0.0,0.0,,,,,,,,,,B,reassembled,text_cluster_plaintext,https://ncdc.gov.ng/themes/common/files/sitreps/b647394c0962a21ff628b1cece83ae54.pdf,True
Jigawa,2023,30,July,56.0,1.0,1.8,1.0,0.0,28.0,0.0,,,,,,B,high,text_cluster_plaintext,https://ncdc.gov.ng/themes/common/files/sitreps/f61d3dfa05fac93cd2e2454265bb5314.pdf,True
Jigawa,2023,39,September,81.0,2.0,2.5,1.0,0.0,38.0,0.0,,,,,,B,high,text_cluster_ocr,https://ncdc.gov.ng/themes/common/files/sitreps/2481381156b173626e82e02f822ce8c5.pdf,True
Jigawa,2023,47,November,80.0,2.0,2.5,1.0,0.0,38.0,0.0,,,,,,B,high,text_cluster_ocr,https://ncdc.gov.ng/themes/common/files/sitreps/68d1fd52026df8037795393cb1ddd5fd.pdf,False
Jigawa,2023,52,December,84.0,2.0,2.4,1.0,0.0,42.0,0.0,,,,,,B,high,text_cluster_ocr,https://ncdc.gov.ng/themes/common/files/sitreps/bd3442b030951d6ed73d475d1d4d0c18.pdf,True
Kaduna,2023,21,May,9.0,0.0,0.0,2.0,0.0,,,,,,,,B,reassembled,text_cluster_plaintext,https://ncdc.gov.ng/themes/common/files/sitreps/b647394c0962a21ff628b1cece83ae54.pdf,True
Kaduna,2023,26,June,9.0,0.0,0.0,2.0,0.0,,,,,,,,B,reassembled,text_cluster_plaintext,https://ncdc.gov.ng/themes/common/files/sitreps/86eded9cb1059c26a10168b091554d79.pdf,True
Kaduna,2023,30,July,25.0,0.0,0.0,3.0,0.0,,,,,,,,B,reassembled,text_cluster_plaintext,https://ncdc.gov.ng/themes/common/files/sitreps/f61d3dfa05fac93cd2e2454265bb5314.pdf,True
Kaduna,2023,34,August,27.0,0.0,0.0,5.0,0.0,,,,,,,,B,reassembled,text_cluster_ocr,https://ncdc.gov.ng/themes/common/files/sitreps/b5312dee1262249339935f0e48b49bde.pdf,True
Kaduna,2023,39,September,27.0,0.0,0.0,5.0,0.0,,,,,,,,B,reassembled,text_cluster_ocr,https://ncdc.gov.ng/themes/common/files/sitreps/2481381156b173626e82e02f822ce8c5.pdf,True
Kaduna,2023,47,November,27.0,0.0,0.0,5.0,0.0,,,,,,,,B,reassembled,text_cluster_ocr,https://ncdc.gov.ng/themes/common/files/sitreps/68d1fd52026df8037795393cb1ddd5fd.pdf,True
Kaduna,2023,52,December,27.0,0.0,0.0,5.0,0.0,,,,,,,,B,reassembled,text_cluster_ocr,https://ncdc.gov.ng/themes/common/files/sitreps/bd3442b030951d6ed73d475d1d4d0c18.pdf,True
Kano,2023,9,March,3.0,0.0,0.0,,,,,,,,,,B,reassembled,text_cluster_ocr,https://ncdc.gov.ng/themes/common/files/sitreps/8898421117dff683ef3e9e31a8d338b5.pdf,True
Kano,2023,21,May,3.0,0.0,0.0,,,,,,,,,,B,reassembled,text_cluster_plaintext,https://ncdc.gov.ng/themes/common/files/sitreps/b647394c0962a21ff628b1cece83ae54.pdf,True
Kano,2023,26,June,3.0,0.0,0.0,,,,,,,,,,B,reassembled,text_cluster_plaintext,https://ncdc.gov.ng/themes/common/files/sitreps/86eded9cb1059c26a10168b091554d79.pdf,True
Kano,2023,30,July,40.0,2.0,5.0,,,,,,,,,,B,high,text_cluster_plaintext,https://ncdc.gov.ng/themes/common/files/sitreps/f61d3dfa05fac93cd2e2454265bb5314.pdf,True
Kano,2023,34,August,48.0,4.0,8.3,,,,,,,,,,B,high,text_cluster_ocr,https://ncdc.gov.ng/themes/common/files/sitreps/b5312dee1262249339935f0e48b49bde.pdf,True
Kano,2023,39,September,51.0,4.0,7.8,,,,,,,,,,B,high,text_cluster_ocr,https://ncdc.gov.ng/themes/common/files/sitreps/2481381156b173626e82e02f822ce8c5.pdf,True
Kano,2023,47,November,58.0,4.0,6.9,,,,,,,,,,B,high,text_cluster_ocr,https://ncdc.gov.ng/themes/common/files/sitreps/68d1fd52026df8037795393cb1ddd5fd.pdf,True
Kano,2023,52,December,61.0,4.0,6.6,,,,,,,,,,B,high,text_cluster_ocr,https://ncdc.gov.ng/themes/common/files/sitreps/bd3442b030951d6ed73d475d1d4d0c18.pdf,True
Katsina,2023,9,March,5.0,0.0,0.0,,,,,,,,,,B,reassembled,text_cluster_ocr,https://ncdc.gov.ng/themes/common/files/sitreps/8898421117dff683ef3e9e31a8d338b5.pdf,True
Katsina,2023,17,April,115.0,10.0,8.7,33.0,30.0,19.0,0.0,,,,,,B,high,text_cluster_ocr,https://ncdc.gov.ng/themes/common/files/sitreps/e9f8edd33205ea8a712c9741b2cbd8e4.pdf,True
Katsina,2023,21,May,187.0,13.0,7.0,33.0,30.0,38.0,0.0,,,,,,B,high,text_cluster_plaintext,https://ncdc.gov.ng/themes/common/files/sitreps/b647394c0962a21ff628b1cece83ae54.pdf,True
Katsina,2023,26,June,288.0,13.0,4.5,33.0,30.0,44.0,0.0,,,,,,B,high,text_cluster_plaintext,https://ncdc.gov.ng/themes/common/files/sitreps/86eded9cb1059c26a10168b091554d79.pdf,True
Katsina,2023,30,July,302.0,11.0,3.6,33.0,30.0,44.0,0.0,,,,,,B,high,text_cluster_plaintext,https://ncdc.gov.ng/themes/common/files/sitreps/f61d3dfa05fac93cd2e2454265bb5314.pdf,False
Katsina,2023,34,August,302.0,10.0,3.3,33.0,30.0,44.0,0.0,,,,,,B,high,text_cluster_ocr,https://ncdc.gov.ng/themes/common/files/sitreps/b5312dee1262249339935f0e48b49bde.pdf,False
Katsina,2023,39,September,302.0,10.0,3.3,33.0,30.0,44.0,0.0,,,,,,B,high,text_cluster_ocr,https://ncdc.gov.ng/themes/common/files/sitreps/2481381156b173626e82e02f822ce8c5.pdf,True
Katsina,2023,47,November,343.0,10.0,2.9,30.0,33.0,46.0,0.0,,,,,,B,high,text_cluster_ocr,https://ncdc.gov.ng/themes/common/files/sitreps/68d1fd52026df8037795393cb1ddd5fd.pdf,True
Katsina,2023,52,December,343.0,10.0,2.9,30.0,33.0,46.0,0.0,,,,,,B,high,text_cluster_ocr,https://ncdc.gov.ng/themes/common/files/sitreps/bd3442b030951d6ed73d475d1d4d0c18.pdf,True
Kebbi,2023,21,May,2.0,0.0,0.0,1.0,0.0,,,,,,,,B,reassembled,text_cluster_plaintext,https://ncdc.gov.ng/themes/common/files/sitreps/b647394c0962a21ff628b1cece83ae54.pdf,True
Kebbi,2023,26,June,2.0,0.0,0.0,1.0,0.0,,,,,,,,B,reassembled,text_cluster_plaintext,https://ncdc.gov.ng/themes/common/files/sitreps/86eded9cb1059c26a10168b091554d79.pdf,True
Kebbi,2023,30,July,2.0,0.0,0.0,1.0,0.0,,,,,,,,B,reassembled,text_cluster_plaintext,https://ncdc.gov.ng/themes/common/files/sitreps/f61d3dfa05fac93cd2e2454265bb5314.pdf,True
Kebbi,2023,34,August,2.0,0.0,0.0,1.0,0.0,1.0,0.0,,,,,,B,reassembled,text_cluster_ocr,https://ncdc.gov.ng/themes/common/files/sitreps/b5312dee1262249339935f0e48b49bde.pdf,True
Kebbi,2023,39,September,12.0,0.0,0.0,1.0,0.0,2.0,0.0,,,,,,B,reassembled,text_cluster_ocr,https://ncdc.gov.ng/themes/common/files/sitreps/2481381156b173626e82e02f822ce8c5.pdf,True
Kebbi,2023,47,November,35.0,2.0,5.7,1.0,0.0,24.0,0.0,,,,,,B,high,text_cluster_ocr,https://ncdc.gov.ng/themes/common/files/sitreps/68d1fd52026df8037795393cb1ddd5fd.pdf,True
Kebbi,2023,52,December,35.0,2.0,5.7,1.0,0.0,24.0,0.0,,,,,,B,high,text_cluster_ocr,https://ncdc.gov.ng/themes/common/files/sitreps/bd3442b030951d6ed73d475d1d4d0c18.pdf,True
Kwara,2023,30,July,2.0,0.0,0.0,,,,,,,,,,B,reassembled,text_cluster_plaintext,https://ncdc.gov.ng/themes/common/files/sitreps/f61d3dfa05fac93cd2e2454265bb5314.pdf,True
Kwara,2023,39,September,2.0,0.0,0.0,,,,,,,,,,B,reassembled,text_cluster_ocr,https://ncdc.gov.ng/themes/common/files/sitreps/2481381156b173626e82e02f822ce8c5.pdf,True
Niger,2023,9,March,38.0,2.0,5.3,6.0,0.0,2.0,0.0,,,,,,B,high,text_cluster_ocr,https://ncdc.gov.ng/themes/common/files/sitreps/8898421117dff683ef3e9e31a8d338b5.pdf,True
Niger,2023,13,March,38.0,2.0,5.3,6.0,0.0,2.0,0.0,,,,,,B,high,text_cluster_ocr,https://ncdc.gov.ng/themes/common/files/sitreps/8e22fc93c483a168480cfe09f13e2aac.pdf,True
Niger,2023,17,April,94.0,2.0,2.1,6.0,0.0,19.0,0.0,,,,,,B,high,text_cluster_ocr,https://ncdc.gov.ng/themes/common/files/sitreps/e9f8edd33205ea8a712c9741b2cbd8e4.pdf,True
Niger,2023,21,May,94.0,2.0,2.1,6.0,0.0,19.0,0.0,,,,,,B,high,text_cluster_plaintext,https://ncdc.gov.ng/themes/common/files/sitreps/b647394c0962a21ff628b1cece83ae54.pdf,True
Niger,2023,26,June,114.0,4.0,3.5,6.0,0.0,39.0,0.0,,,,,,B,high,text_cluster_plaintext,https://ncdc.gov.ng/themes/common/files/sitreps/86eded9cb1059c26a10168b091554d79.pdf,True
Niger,2023,30,July,137.0,2.0,1.5,6.0,0.0,46.0,0.0,,,,,,B,high,text_cluster_plaintext,https://ncdc.gov.ng/themes/common/files/sitreps/f61d3dfa05fac93cd2e2454265bb5314.pdf,False
Niger,2023,34,August,136.0,4.0,2.9,60.0,0.0,,,,,,,,B,high,text_cluster_ocr,https://ncdc.gov.ng/themes/common/files/sitreps/b5312dee1262249339935f0e48b49bde.pdf,False
Niger,2023,39,September,161.0,4.0,2.5,64.0,0.0,,,,,,,,B,high,text_cluster_ocr,https://ncdc.gov.ng/themes/common/files/sitreps/2481381156b173626e82e02f822ce8c5.pdf,True
Niger,2023,47,November,195.0,12.0,6.2,64.0,0.0,,,,,,,,B,high,text_cluster_ocr,https://ncdc.gov.ng/themes/common/files/sitreps/68d1fd52026df8037795393cb1ddd5fd.pdf,True
Niger,2023,52,December,195.0,12.0,6.2,64.0,0.0,,,,,,,,B,high,text_cluster_ocr,https://ncdc.gov.ng/themes/common/files/sitreps/bd3442b030951d6ed73d475d1d4d0c18.pdf,True
Ogun,2023,39,September,67.0,6.0,9.0,4.0,50.0,2.0,0.0,,,,,,B,high,text_cluster_ocr,https://ncdc.gov.ng/themes/common/files/sitreps/2481381156b173626e82e02f822ce8c5.pdf,True
Ogun,2023,47,November,288.0,13.0,4.5,3.0,67.0,5.0,0.0,,,,,,B,high,text_cluster_ocr,https://ncdc.gov.ng/themes/common/files/sitreps/68d1fd52026df8037795393cb1ddd5fd.pdf,True
Ogun,2023,52,December,295.0,14.0,4.7,3.0,67.0,5.0,0.0,,,,,,B,high,text_cluster_ocr,https://ncdc.gov.ng/themes/common/files/sitreps/bd3442b030951d6ed73d475d1d4d0c18.pdf,True
Ondo,2023,17,April,10.0,0.0,0.0,7.0,0.0,,,,,,,,B,reassembled,text_cluster_ocr,https://ncdc.gov.ng/themes/common/files/sitreps/e9f8edd33205ea8a712c9741b2cbd8e4.pdf,True
Ondo,2023,21,May,10.0,0.0,0.0,7.0,0.0,,,,,,,,B,reassembled,text_cluster_plaintext,https://ncdc.gov.ng/themes/common/files/sitreps/b647394c0962a21ff628b1cece83ae54.pdf,True
Ondo,2023,26,June,37.0,0.0,0.0,11.0,0.0,5.0,0.0,,,,,,B,reassembled,text_cluster_plaintext,https://ncdc.gov.ng/themes/common/files/sitreps/86eded9cb1059c26a10168b091554d79.pdf,True
Ondo,2023,30,July,42.0,0.0,0.0,11.0,0.0,8.0,0.0,,,,,,B,reassembled,text_cluster_plaintext,https://ncdc.gov.ng/themes/common/files/sitreps/f61d3dfa05fac93cd2e2454265bb5314.pdf,True
Ondo,2023,34,August,42.0,0.0,0.0,11.0,0.0,8.0,0.0,,,,,,B,reassembled,text_cluster_ocr,https://ncdc.gov.ng/themes/common/files/sitreps/b5312dee1262249339935f0e48b49bde.pdf,True
Ondo,2023,39,September,41.0,2.0,4.9,11.0,0.0,8.0,0.0,,,,,,B,high,text_cluster_ocr,https://ncdc.gov.ng/themes/common/files/sitreps/2481381156b173626e82e02f822ce8c5.pdf,False
Ondo,2023,47,November,41.0,2.0,4.9,11.0,0.0,8.0,0.0,,,,,,B,high,text_cluster_ocr,https://ncdc.gov.ng/themes/common/files/sitreps/68d1fd52026df8037795393cb1ddd5fd.pdf,True
Osun,2023,9,March,1.0,0.0,0.0,,,,,,,,,,B,reassembled,text_cluster_ocr,https://ncdc.gov.ng/themes/common/files/sitreps/8898421117dff683ef3e9e31a8d338b5.pdf,True
Osun,2023,21,May,1.0,0.0,0.0,,,,,,,,,,B,reassembled,text_cluster_plaintext,https://ncdc.gov.ng/themes/common/files/sitreps/b647394c0962a21ff628b1cece83ae54.pdf,True
Osun,2023,26,June,1.0,0.0,0.0,,,,,,,,,,B,reassembled,text_cluster_plaintext,https://ncdc.gov.ng/themes/common/files/sitreps/86eded9cb1059c26a10168b091554d79.pdf,True
Osun,2023,30,July,1.0,0.0,0.0,,,,,,,,,,B,reassembled,text_cluster_plaintext,https://ncdc.gov.ng/themes/common/files/sitreps/f61d3dfa05fac93cd2e2454265bb5314.pdf,True
Osun,2023,34,August,1.0,0.0,0.0,,,,,,,,,,B,reassembled,text_cluster_ocr,https://ncdc.gov.ng/themes/common/files/sitreps/b5312dee1262249339935f0e48b49bde.pdf,True
Osun,2023,39,September,1.0,0.0,0.0,,,,,,,,,,B,reassembled,text_cluster_ocr,https://ncdc.gov.ng/themes/common/files/sitreps/2481381156b173626e82e02f822ce8c5.pdf,True
Oyo,2023,21,May,5.0,0.0,0.0,,,,,,,,,,B,reassembled,text_cluster_plaintext,https://ncdc.gov.ng/themes/common/files/sitreps/b647394c0962a21ff628b1cece83ae54.pdf,True
Oyo,2023,26,June,5.0,0.0,0.0,,,,,,,,,,B,reassembled,text_cluster_plaintext,https://ncdc.gov.ng/themes/common/files/sitreps/86eded9cb1059c26a10168b091554d79.pdf,True
Oyo,2023,30,July,5.0,0.0,0.0,,,,,,,,,,B,reassembled,text_cluster_plaintext,https://ncdc.gov.ng/themes/common/files/sitreps/f61d3dfa05fac93cd2e2454265bb5314.pdf,True
Oyo,2023,47,November,35.0,3.0,8.6,8.0,0.0,,,,,,,,B,high,text_cluster_ocr,https://ncdc.gov.ng/themes/common/files/sitreps/68d1fd52026df8037795393cb1ddd5fd.pdf,True
Oyo,2023,52,December,36.0,3.0,8.3,8.0,0.0,,,,,,,,B,high,text_cluster_ocr,https://ncdc.gov.ng/themes/common/files/sitreps/bd3442b030951d6ed73d475d1d4d0c18.pdf,True
Plateau,2023,21,May,20.0,0.0,0.0,2.0,100.0,,,,,,,,B,reassembled,text_cluster_plaintext,https://ncdc.gov.ng/themes/common/files/sitreps/b647394c0962a21ff628b1cece83ae54.pdf,True
Plateau,2023,26,June,21.0,0.0,0.0,2.0,100.0,,,,,,,,B,reassembled,text_cluster_plaintext,https://ncdc.gov.ng/themes/common/files/sitreps/86eded9cb1059c26a10168b091554d79.pdf,True
Plateau,2023,30,July,21.0,0.0,0.0,1.0,100.0,1.0,100.0,,,,,,B,reassembled,text_cluster_plaintext,https://ncdc.gov.ng/themes/common/files/sitreps/f61d3dfa05fac93cd2e2454265bb5314.pdf,True
Plateau,2023,34,August,21.0,0.0,0.0,1.0,100.0,,,,,,,,B,reassembled,text_cluster_ocr,https://ncdc.gov.ng/themes/common/files/sitreps/b5312dee1262249339935f0e48b49bde.pdf,True
Plateau,2023,39,September,21.0,0.0,0.0,1.0,100.0,1.0,100.0,,,,,,B,reassembled,text_cluster_ocr,https://ncdc.gov.ng/themes/common/files/sitreps/2481381156b173626e82e02f822ce8c5.pdf,True
Plateau,2023,47,November,15.0,0.0,0.0,1.0,100.0,1.0,100.0,,,,,,B,reassembled,text_cluster_ocr,https://ncdc.gov.ng/themes/common/files/sitreps/68d1fd52026df8037795393cb1ddd5fd.pdf,False
Rivers,2023,30,July,1.0,0.0,0.0,1.0,0.0,,,,,,,,B,reassembled,text_cluster_plaintext,https://ncdc.gov.ng/themes/common/files/sitreps/f61d3dfa05fac93cd2e2454265bb5314.pdf,True
Rivers,2023,34,August,1.0,0.0,0.0,1.0,0.0,,,,,,,,B,reassembled,text_cluster_ocr,https://ncdc.gov.ng/themes/common/files/sitreps/b5312dee1262249339935f0e48b49bde.pdf,True
Rivers,2023,39,September,4.0,0.0,0.0,1.0,0.0,,,,,,,,B,reassembled,text_cluster_ocr,https://ncdc.gov.ng/themes/common/files/sitreps/2481381156b173626e82e02f822ce8c5.pdf,True
Sokoto,2023,9,March,3.0,0.0,0.0,,,,,,,,,,B,reassembled,text_cluster_ocr,https://ncdc.gov.ng/themes/common/files/sitreps/8898421117dff683ef3e9e31a8d338b5.pdf,True
Sokoto,2023,21,May,3.0,0.0,0.0,,,,,,,,,,B,reassembled,text_cluster_plaintext,https://ncdc.gov.ng/themes/common/files/sitreps/b647394c0962a21ff628b1cece83ae54.pdf,True
Sokoto,2023,26,June,22.0,1.0,4.5,13.0,0.0,,,,,,,,B,high,text_cluster_plaintext,https://ncdc.gov.ng/themes/common/files/sitreps/86eded9cb1059c26a10168b091554d79.pdf,True
Sokoto,2023,30,July,22.0,1.0,4.5,13.0,0.0,,,,,,,,B,high,text_cluster_plaintext,https://ncdc.gov.ng/themes/common/files/sitreps/f61d3dfa05fac93cd2e2454265bb5314.pdf,True
Sokoto,2023,39,September,22.0,0.0,0.0,13.0,0.0,,,,,,,,B,reassembled,text_cluster_ocr,https://ncdc.gov.ng/themes/common/files/sitreps/2481381156b173626e82e02f822ce8c5.pdf,False
Sokoto,2023,47,November,22.0,0.0,0.0,13.0,0.0,,,,,,,,B,reassembled,text_cluster_ocr,https://ncdc.gov.ng/themes/common/files/sitreps/68d1fd52026df8037795393cb1ddd5fd.pdf,True
Zamfara,2023,13,March,184.0,4.0,2.2,7.0,14.0,2.0,50.0,,,,,,B,high,text_cluster_ocr,https://ncdc.gov.ng/themes/common/files/sitreps/8e22fc93c483a168480cfe09f13e2aac.pdf,True
Zamfara,2023,17,April,177.0,4.0,2.3,5.0,20.0,2.0,50.0,,,,,,B,high,text_cluster_ocr,https://ncdc.gov.ng/themes/common/files/sitreps/e9f8edd33205ea8a712c9741b2cbd8e4.pdf,False
Zamfara,2023,21,May,216.0,5.0,2.3,5.0,20.0,2.0,50.0,,,,,,B,high,text_cluster_plaintext,https://ncdc.gov.ng/themes/common/files/sitreps/b647394c0962a21ff628b1cece83ae54.pdf,True
Zamfara,2023,26,June,216.0,5.0,2.3,5.0,20.0,2.0,50.0,,,,,,B,high,text_cluster_plaintext,https://ncdc.gov.ng/themes/common/files/sitreps/86eded9cb1059c26a10168b091554d79.pdf,True
Zamfara,2023,30,July,271.0,7.0,2.6,1.0,100.0,,,,,,,,B,high,text_cluster_plaintext,https://ncdc.gov.ng/themes/common/files/sitreps/f61d3dfa05fac93cd2e2454265bb5314.pdf,True
Zamfara,2023,34,August,787.0,24.0,3.0,81.0,57.0,,,,,,,,B,high,text_cluster_ocr,https://ncdc.gov.ng/themes/common/files/sitreps/b5312dee1262249339935f0e48b49bde.pdf,True
Zamfara,2023,39,September,907.0,28.0,3.1,102.0,59.0,59.0,29.0,,,,,,B,high,text_cluster_ocr,https://ncdc.gov.ng/themes/common/files/sitreps/2481381156b173626e82e02f822ce8c5.pdf,True
Zamfara,2023,47,November,913.0,28.0,3.1,102.0,59.0,59.0,29.0,,,,,,B,high,text_cluster_ocr,https://ncdc.gov.ng/themes/common/files/sitreps/68d1fd52026df8037795393cb1ddd5fd.pdf,True
Zamfara,2023,52,December,913.0,28.0,3.1,102.0,59.0,59.0,29.0,,,,,,B,high,text_cluster_ocr,https://ncdc.gov.ng/themes/common/files/sitreps/bd3442b030951d6ed73d475d1d4d0c18.pdf,True
Abia,2024,17,April,54.0,4.0,7.3,8.0,0.0,7.0,29.0,,,,,,B,high,text_cluster_ocr,https://ncdc.gov.ng/themes/common/files/sitreps/7afa8d786ff9ef15246de64fbdc59cec.pdf,True
Abia,2024,22,May,51.0,4.0,7.8,8.0,0.0,7.0,29.0,,,,,,B,high,text_cluster_ocr,https://ncdc.gov.ng/themes/common/files/sitreps/1ac97f89c12c6fa3e2600a90d4ce6dc8.pdf,False
Abia,2024,23,June,108.0,4.0,3.7,22.0,9.0,5.0,0.0,,,,,,B,high,text_cluster_plaintext,https://ncdc.gov.ng/themes/common/files/sitreps/dc7b7c4e4ee6982b93d5cea70d770704.pdf,True
Abia,2024,24,June,109.0,4.0,3.7,23.0,13.0,6.0,0.0,,,,,,B,high,text_cluster_plaintext,https://ncdc.gov.ng/themes/common/files/sitreps/a8f7fd0ce5bbccf0ba161da70d8715cb.pdf,True
Abia,2024,25,June,109.0,4.0,3.7,23.0,13.0,6.0,0.0,,,,,,B,high,text_cluster_plaintext,https://ncdc.gov.ng/themes/common/files/sitreps/790b8fab2b6d4f793cb3bcb012358ee1.pdf,True
Abia,2024,26,June,109.0,4.0,3.7,23.0,13.0,6.0,0.0,,,,,,B,high,text_cluster_plaintext,https://ncdc.gov.ng/themes/common/files/sitreps/427151e2a0d4f38eb7bfe4c537ca90b8.pdf,True
Abia,2024,27,July,109.0,4.0,3.7,23.0,13.0,6.0,0.0,,,,,,B,high,text_cluster_plaintext,https://ncdc.gov.ng/themes/common/files/sitreps/f99ab9adf0f26a1ccc796d7610d40b9c.pdf,True
Abia,2024,28,July,121.0,4.0,3.3,35.0,9.0,6.0,0.0,,,,,,B,high,text_cluster_plaintext,https://ncdc.gov.ng/themes/common/files/sitreps/54d4f611487e13ad9b18dc0586628e47.pdf,True
Abia,2024,29,July,121.0,4.0,3.3,35.0,9.0,6.0,0.0,,,,,,B,high,text_cluster_plaintext,https://ncdc.gov.ng/themes/common/files/sitreps/2c93d23eabd9ac41e2d998c311fbc997.pdf,True
Abia,2024,30,July,129.0,4.0,3.1,37.0,8.0,6.0,0.0,,,,,,B,high,text_cluster_ocr,https://ncdc.gov.ng/themes/common/files/sitreps/948dcfc7e81056bf460d69f4093c5138.pdf,True
Abia,2024,31,August,129.0,4.0,3.1,37.0,8.0,6.0,0.0,,,,,,B,reassembled,text_cluster_plaintext,https://ncdc.gov.ng/themes/common/files/sitreps/62e4eab2da2c97145370a0666fb349d3.pdf,True
Abia,2024,32,August,130.0,4.0,3.1,38.0,11.0,6.0,0.0,,,,,,B,reassembled,text_cluster_plaintext,https://ncdc.gov.ng/themes/common/files/sitreps/67555f6acf99208233aafb5590b1088f.pdf,True
Abia,2024,33,August,144.0,5.0,3.5,38.0,11.0,6.0,0.0,,,,,,B,reassembled,text_cluster_plaintext,https://ncdc.gov.ng/themes/common/files/sitreps/ec8df9ac6829a5efa14fde05e73efa5e.pdf,True
Abia,2024,34,August,159.0,5.0,3.1,38.0,11.0,6.0,0.0,,,,,,B,reassembled,text_cluster_plaintext,https://ncdc.gov.ng/themes/common/files/sitreps/ac3ce9fa88f131df7fd3f8881425d676.pdf,True
Abia,2024,35,August,159.0,5.0,3.1,38.0,11.0,6.0,0.0,,,,,,B,reassembled,text_cluster_plaintext,https://ncdc.gov.ng/themes/common/files/sitreps/4106b79ecb34c2fe4eab6b6731780e50.pdf,True
Abia,2024,36,September,159.0,5.0,3.1,38.0,11.0,6.0,0.0,,,,,,B,reassembled,text_cluster_plaintext,https://ncdc.gov.ng/themes/common/files/sitreps/b92cb2fa6b913e6a049977d412a98049.pdf,True
Abia,2024,37,September,159.0,5.0,3.1,38.0,11.0,6.0,0.0,,,,,,B,reassembled,text_cluster_plaintext,https://ncdc.gov.ng/themes/common/files/sitreps/bb3359fefc78953c99b460c4f11d4655.pdf,True
Abia,2024,38,September,159.0,5.0,3.1,38.0,11.0,6.0,0.0,,,,,,B,reassembled,text_cluster_plaintext,https://ncdc.gov.ng/themes/common/files/sitreps/26ff8c2ef2a8971b754ea6183c360f46.pdf,True
Abia,2024,39,September,159.0,5.0,3.1,38.0,11.0,6.0,0.0,,,,,,B,reassembled,text_cluster_plaintext,https://ncdc.gov.ng/themes/common/files/sitreps/b58818569b47a3a71970b3635abee00a.pdf,True
Adamawa,2024,17,April,1.0,0.0,0.0,1.0,0.0,,,,,,,,B,reassembled,text_cluster_ocr,https://ncdc.gov.ng/themes/common/files/sitreps/7afa8d786ff9ef15246de64fbdc59cec.pdf,True
Adamawa,2024,22,May,2.0,0.0,0.0,2.0,0.0,,,,,,,,B,reassembled,text_cluster_ocr,https://ncdc.gov.ng/themes/common/files/sitreps/1ac97f89c12c6fa3e2600a90d4ce6dc8.pdf,True
Adamawa,2024,23,June,2.0,0.0,0.0,2.0,0.0,,,,,,,,B,reassembled,text_cluster_plaintext,https://ncdc.gov.ng/themes/common/files/sitreps/dc7b7c4e4ee6982b93d5cea70d770704.pdf,True
Adamawa,2024,24,June,2.0,0.0,0.0,2.0,0.0,,,,,,,,B,reassembled,text_cluster_plaintext,https://ncdc.gov.ng/themes/common/files/sitreps/a8f7fd0ce5bbccf0ba161da70d8715cb.pdf,True
Adamawa,2024,25,June,2.0,0.0,0.0,2.0,0.0,,,,,,,,B,reassembled,text_cluster_plaintext,https://ncdc.gov.ng/themes/common/files/sitreps/790b8fab2b6d4f793cb3bcb012358ee1.pdf,True
Adamawa,2024,26,June,2.0,0.0,0.0,2.0,0.0,,,,,,,,B,reassembled,text_cluster_plaintext,https://ncdc.gov.ng/themes/common/files/sitreps/427151e2a0d4f38eb7bfe4c537ca90b8.pdf,True
Adamawa,2024,27,July,2.0,0.0,0.0,2.0,0.0,,,,,,,,B,reassembled,text_cluster_plaintext,https://ncdc.gov.ng/themes/common/files/sitreps/f99ab9adf0f26a1ccc796d7610d40b9c.pdf,True
Adamawa,2024,28,July,2.0,0.0,0.0,2.0,0.0,,,,,,,,B,reassembled,text_cluster_plaintext,https://ncdc.gov.ng/themes/common/files/sitreps/54d4f611487e13ad9b18dc0586628e47.pdf,True
Adamawa,2024,29,July,2.0,0.0,0.0,2.0,0.0,,,,,,,,B,reassembled,text_cluster_plaintext,https://ncdc.gov.ng/themes/common/files/sitreps/2c93d23eabd9ac41e2d998c311fbc997.pdf,True
Adamawa,2024,30,July,3.0,0.0,0.0,3.0,33.0,,,,,,,,B,reassembled,text_cluster_ocr,https://ncdc.gov.ng/themes/common/files/sitreps/948dcfc7e81056bf460d69f4093c5138.pdf,True
Adamawa,2024,31,August,5.0,0.0,0.0,5.0,0.0,,,,,,,,B,reassembled,text_cluster_plaintext,https://ncdc.gov.ng/themes/common/files/sitreps/62e4eab2da2c97145370a0666fb349d3.pdf,True
Adamawa,2024,33,August,9.0,0.0,0.0,8.0,0.0,,,,,,,,B,reassembled,text_cluster_plaintext,https://ncdc.gov.ng/themes/common/files/sitreps/ec8df9ac6829a5efa14fde05e73efa5e.pdf,True
Adamawa,2024,34,August,10.0,0.0,0.0,9.0,0.0,,,,,,,,B,reassembled,text_cluster_plaintext,https://ncdc.gov.ng/themes/common/files/sitreps/ac3ce9fa88f131df7fd3f8881425d676.pdf,True
Adamawa,2024,35,August,10.0,0.0,0.0,9.0,0.0,,,,,,,,B,reassembled,text_cluster_plaintext,https://ncdc.gov.ng/themes/common/files/sitreps/4106b79ecb34c2fe4eab6b6731780e50.pdf,True
Adamawa,2024,37,September,55.0,4.0,7.3,45.0,84.0,17.0,12.0,,,,,,B,high,text_cluster_plaintext,https://ncdc.gov.ng/themes/common/files/sitreps/bb3359fefc78953c99b460c4f11d4655.pdf,True
Adamawa,2024,38,September,369.0,13.0,3.5,102.0,93.0,90.0,77.0,,,,,,B,reassembled,text_cluster_plaintext,https://ncdc.gov.ng/themes/common/files/sitreps/26ff8c2ef2a8971b754ea6183c360f46.pdf,True
Adamawa,2024,39,September,553.0,16.0,2.9,108.0,94.0,102.0,78.0,,,,,,B,reassembled,text_cluster_plaintext,https://ncdc.gov.ng/themes/common/files/sitreps/b58818569b47a3a71970b3635abee00a.pdf,True
Akwa Ibom,2024,23,June,4.0,0.0,0.0,4.0,0.0,,,,,,,,B,reassembled,text_cluster_plaintext,https://ncdc.gov.ng/themes/common/files/sitreps/dc7b7c4e4ee6982b93d5cea70d770704.pdf,True
Akwa Ibom,2024,24,June,4.0,0.0,0.0,4.0,0.0,,,,,,,,B,reassembled,text_cluster_plaintext,https://ncdc.gov.ng/themes/common/files/sitreps/a8f7fd0ce5bbccf0ba161da70d8715cb.pdf,True
Akwa Ibom,2024,25,June,4.0,0.0,0.0,4.0,0.0,,,,,,,,B,reassembled,text_cluster_plaintext,https://ncdc.gov.ng/themes/common/files/sitreps/790b8fab2b6d4f793cb3bcb012358ee1.pdf,True
Akwa Ibom,2024,26,June,10.0,0.0,0.0,10.0,0.0,,,,,,,,B,reassembled,text_cluster_plaintext,https://ncdc.gov.ng/themes/common/files/sitreps/427151e2a0d4f38eb7bfe4c537ca90b8.pdf,True
Akwa Ibom,2024,27,July,10.0,0.0,0.0,10.0,0.0,,,,,,,,B,reassembled,text_cluster_plaintext,https://ncdc.gov.ng/themes/common/files/sitreps/f99ab9adf0f26a1ccc796d7610d40b9c.pdf,True
Akwa Ibom,2024,28,July,10.0,0.0,0.0,10.0,0.0,,,,,,,,B,reassembled,text_cluster_plaintext,https://ncdc.gov.ng/themes/common/files/sitreps/54d4f611487e13ad9b18dc0586628e47.pdf,True
Akwa Ibom,2024,29,July,10.0,0.0,0.0,10.0,0.0,,,,,,,,B,reassembled,text_cluster_plaintext,https://ncdc.gov.ng/themes/common/files/sitreps/2c93d23eabd9ac41e2d998c311fbc997.pdf,True
Akwa Ibom,2024,32,August,26.0,0.0,0.0,10.0,0.0,15.0,0.0,,,,,,B,reassembled,text_cluster_plaintext,https://ncdc.gov.ng/themes/common/files/sitreps/67555f6acf99208233aafb5590b1088f.pdf,True
Akwa Ibom,2024,33,August,26.0,0.0,0.0,10.0,0.0,15.0,0.0,,,,,,B,reassembled,text_cluster_plaintext,https://ncdc.gov.ng/themes/common/files/sitreps/ec8df9ac6829a5efa14fde05e73efa5e.pdf,True
Akwa Ibom,2024,34,August,26.0,0.0,0.0,10.0,0.0,15.0,0.0,,,,,,B,reassembled,text_cluster_plaintext,https://ncdc.gov.ng/themes/common/files/sitreps/ac3ce9fa88f131df7fd3f8881425d676.pdf,True
Akwa Ibom,2024,35,August,28.0,0.0,0.0,10.0,0.0,28.0,0.0,,,,,,B,reassembled,text_cluster_plaintext,https://ncdc.gov.ng/themes/common/files/sitreps/4106b79ecb34c2fe4eab6b6731780e50.pdf,True
Akwa Ibom,2024,36,September,28.0,0.0,0.0,10.0,0.0,28.0,0.0,,,,,,B,reassembled,text_cluster_plaintext,https://ncdc.gov.ng/themes/common/files/sitreps/b92cb2fa6b913e6a049977d412a98049.pdf,True
Akwa Ibom,2024,37,September,28.0,0.0,0.0,10.0,0.0,28.0,0.0,,,,,,B,reassembled,text_cluster_plaintext,https://ncdc.gov.ng/themes/common/files/sitreps/bb3359fefc78953c99b460c4f11d4655.pdf,True
Akwa Ibom,2024,39,September,30.0,0.0,0.0,10.0,0.0,30.0,0.0,,,,,,B,reassembled,text_cluster_plaintext,https://ncdc.gov.ng/themes/common/files/sitreps/b58818569b47a3a71970b3635abee00a.pdf,True
Anambra,2024,17,April,1.0,0.0,0.0,1.0,0.0,,,,,,,,B,reassembled,text_cluster_ocr,https://ncdc.gov.ng/themes/common/files/sitreps/7afa8d786ff9ef15246de64fbdc59cec.pdf,True
Anambra,2024,22,May,1.0,0.0,0.0,1.0,0.0,,,,,,,,B,reassembled,text_cluster_ocr,https://ncdc.gov.ng/themes/common/files/sitreps/1ac97f89c12c6fa3e2600a90d4ce6dc8.pdf,True
Anambra,2024,23,June,1.0,0.0,0.0,1.0,0.0,,,,,,,,B,reassembled,text_cluster_plaintext,https://ncdc.gov.ng/themes/common/files/sitreps/dc7b7c4e4ee6982b93d5cea70d770704.pdf,True
Anambra,2024,24,June,1.0,0.0,0.0,1.0,0.0,,,,,,,,B,reassembled,text_cluster_plaintext,https://ncdc.gov.ng/themes/common/files/sitreps/a8f7fd0ce5bbccf0ba161da70d8715cb.pdf,True
Anambra,2024,25,June,1.0,0.0,0.0,1.0,0.0,,,,,,,,B,reassembled,text_cluster_plaintext,https://ncdc.gov.ng/themes/common/files/sitreps/790b8fab2b6d4f793cb3bcb012358ee1.pdf,True
Anambra,2024,26,June,1.0,0.0,0.0,1.0,0.0,,,,,,,,B,reassembled,text_cluster_plaintext,https://ncdc.gov.ng/themes/common/files/sitreps/427151e2a0d4f38eb7bfe4c537ca90b8.pdf,True
Anambra,2024,27,July,1.0,0.0,0.0,1.0,0.0,,,,,,,,B,reassembled,text_cluster_plaintext,https://ncdc.gov.ng/themes/common/files/sitreps/f99ab9adf0f26a1ccc796d7610d40b9c.pdf,True
Anambra,2024,29,July,4.0,0.0,0.0,3.0,0.0,1.0,0.0,,,,,,B,reassembled,text_cluster_plaintext,https://ncdc.gov.ng/themes/common/files/sitreps/2c93d23eabd9ac41e2d998c311fbc997.pdf,True
Anambra,2024,31,August,4.0,0.0,0.0,3.0,0.0,1.0,0.0,,,,,,B,reassembled,text_cluster_plaintext,https://ncdc.gov.ng/themes/common/files/sitreps/62e4eab2da2c97145370a0666fb349d3.pdf,True
Anambra,2024,32,August,4.0,0.0,0.0,3.0,0.0,1.0,0.0,,,,,,B,reassembled,text_cluster_plaintext,https://ncdc.gov.ng/themes/common/files/sitreps/67555f6acf99208233aafb5590b1088f.pdf,True
Anambra,2024,33,August,4.0,0.0,0.0,3.0,0.0,1.0,0.0,,,,,,B,reassembled,text_cluster_plaintext,https://ncdc.gov.ng/themes/common/files/sitreps/ec8df9ac6829a5efa14fde05e73efa5e.pdf,True
Anambra,2024,34,August,4.0,0.0,0.0,3.0,0.0,1.0,0.0,,,,,,B,reassembled,text_cluster_plaintext,https://ncdc.gov.ng/themes/common/files/sitreps/ac3ce9fa88f131df7fd3f8881425d676.pdf,True
Anambra,2024,35,August,4.0,0.0,0.0,3.0,0.0,1.0,0.0,,,,,,B,reassembled,text_cluster_plaintext,https://ncdc.gov.ng/themes/common/files/sitreps/4106b79ecb34c2fe4eab6b6731780e50.pdf,True
Anambra,2024,36,September,4.0,0.0,0.0,3.0,0.0,1.0,0.0,,,,,,B,reassembled,text_cluster_plaintext,https://ncdc.gov.ng/themes/common/files/sitreps/b92cb2fa6b913e6a049977d412a98049.pdf,True
Anambra,2024,37,September,4.0,0.0,0.0,3.0,0.0,1.0,0.0,,,,,,B,reassembled,text_cluster_plaintext,https://ncdc.gov.ng/themes/common/files/sitreps/bb3359fefc78953c99b460c4f11d4655.pdf,True
Anambra,2024,39,September,4.0,0.0,0.0,3.0,0.0,1.0,0.0,,,,,,B,reassembled,text_cluster_plaintext,https://ncdc.gov.ng/themes/common/files/sitreps/b58818569b47a3a71970b3635abee00a.pdf,True
Bauchi,2024,12,March,38.0,0.0,0.0,,,,,,,,,,B,reassembled,text_cluster_ocr,https://ncdc.gov.ng/themes/common/files/sitreps/ff94f80a9171582287b63df547e782a0.pdf,True
Bauchi,2024,17,April,40.0,0.0,0.0,,,,,,,,,,B,reassembled,text_cluster_ocr,https://ncdc.gov.ng/themes/common/files/sitreps/7afa8d786ff9ef15246de64fbdc59cec.pdf,True
Bauchi,2024,22,May,46.0,0.0,0.0,,,,,,,,,,B,reassembled,text_cluster_ocr,https://ncdc.gov.ng/themes/common/files/sitreps/1ac97f89c12c6fa3e2600a90d4ce6dc8.pdf,True
Bauchi,2024,23,June,46.0,0.0,0.0,,,,,,,,,,B,reassembled,text_cluster_plaintext,https://ncdc.gov.ng/themes/common/files/sitreps/dc7b7c4e4ee6982b93d5cea70d770704.pdf,True
Bauchi,2024,24,June,46.0,0.0,0.0,,,,,,,,,,B,reassembled,text_cluster_plaintext,https://ncdc.gov.ng/themes/common/files/sitreps/a8f7fd0ce5bbccf0ba161da70d8715cb.pdf,True
Bauchi,2024,25,June,46.0,0.0,0.0,,,,,,,,,,B,reassembled,text_cluster_plaintext,https://ncdc.gov.ng/themes/common/files/sitreps/790b8fab2b6d4f793cb3bcb012358ee1.pdf,True
Bauchi,2024,26,June,46.0,0.0,0.0,,,,,,,,,,B,reassembled,text_cluster_plaintext,https://ncdc.gov.ng/themes/common/files/sitreps/427151e2a0d4f38eb7bfe4c537ca90b8.pdf,True
Bauchi,2024,27,July,54.0,1.0,1.9,,,,,,,,,,B,high,text_cluster_plaintext,https://ncdc.gov.ng/themes/common/files/sitreps/f99ab9adf0f26a1ccc796d7610d40b9c.pdf,True
Bauchi,2024,28,July,56.0,1.0,1.8,,,,,,,,,,B,high,text_cluster_plaintext,https://ncdc.gov.ng/themes/common/files/sitreps/54d4f611487e13ad9b18dc0586628e47.pdf,True
Bauchi,2024,29,July,56.0,1.0,1.8,,,,,,,,,,B,high,text_cluster_plaintext,https://ncdc.gov.ng/themes/common/files/sitreps/2c93d23eabd9ac41e2d998c311fbc997.pdf,True
Bauchi,2024,30,July,77.0,3.0,3.9,5.0,0.0,1.0,0.0,,,,,,B,high,text_cluster_ocr,https://ncdc.gov.ng/themes/common/files/sitreps/948dcfc7e81056bf460d69f4093c5138.pdf,True
Bauchi,2024,31,August,79.0,3.0,3.8,5.0,0.0,3.0,33.0,,,,,,B,high,text_cluster_plaintext,https://ncdc.gov.ng/themes/common/files/sitreps/62e4eab2da2c97145370a0666fb349d3.pdf,True
Bauchi,2024,32,August,79.0,3.0,3.8,5.0,0.0,3.0,33.0,,,,,,B,high,text_cluster_plaintext,https://ncdc.gov.ng/themes/common/files/sitreps/67555f6acf99208233aafb5590b1088f.pdf,True
Bauchi,2024,33,August,79.0,3.0,3.8,5.0,0.0,3.0,33.0,,,,,,B,high,text_cluster_plaintext,https://ncdc.gov.ng/themes/common/files/sitreps/ec8df9ac6829a5efa14fde05e73efa5e.pdf,True
Bauchi,2024,34,August,79.0,3.0,3.8,5.0,0.0,3.0,33.0,,,,,,B,high,text_cluster_plaintext,https://ncdc.gov.ng/themes/common/files/sitreps/ac3ce9fa88f131df7fd3f8881425d676.pdf,True
Bauchi,2024,35,August,84.0,3.0,3.6,5.0,0.0,9.0,22.0,,,,,,B,high,text_cluster_plaintext,https://ncdc.gov.ng/themes/common/files/sitreps/4106b79ecb34c2fe4eab6b6731780e50.pdf,True
Bauchi,2024,36,September,84.0,3.0,3.6,5.0,0.0,9.0,22.0,,,,,,B,high,text_cluster_plaintext,https://ncdc.gov.ng/themes/common/files/sitreps/b92cb2fa6b913e6a049977d412a98049.pdf,True
Bauchi,2024,37,September,303.0,9.0,3.0,8.0,38.0,8.0,25.0,,,,,,B,reassembled,text_cluster_plaintext,https://ncdc.gov.ng/themes/common/files/sitreps/bb3359fefc78953c99b460c4f11d4655.pdf,True
Bauchi,2024,38,September,281.0,6.0,2.1,21.0,14.0,39.0,5.0,,,,,,B,reassembled,text_cluster_plaintext,https://ncdc.gov.ng/themes/common/files/sitreps/26ff8c2ef2a8971b754ea6183c360f46.pdf,False
Bauchi,2024,39,September,307.0,10.0,3.3,8.0,38.0,8.0,25.0,,,,,,B,reassembled,text_cluster_plaintext,https://ncdc.gov.ng/themes/common/files/sitreps/b58818569b47a3a71970b3635abee00a.pdf,True
Bayelsa,2024,8,February,169.0,2.0,1.2,13.0,54.0,11.0,9.0,,,,,,B,high,text_cluster_ocr,https://ncdc.gov.ng/themes/common/files/sitreps/1c2cfbf2bc4fb6e10ba27a335b7bae2c.pdf,True
Bayelsa,2024,12,March,356.0,2.0,0.6,27.0,30.0,12.0,8.0,,,,,,B,high,text_cluster_ocr,https://ncdc.gov.ng/themes/common/files/sitreps/ff94f80a9171582287b63df547e782a0.pdf,True
Bayelsa,2024,17,April,436.0,2.0,0.5,33.0,24.0,12.0,8.0,,,,,,B,high,text_cluster_ocr,https://ncdc.gov.ng/themes/common/files/sitreps/7afa8d786ff9ef15246de64fbdc59cec.pdf,True
Bayelsa,2024,22,May,442.0,2.0,0.5,35.0,23.0,16.0,6.0,,,,,,B,high,text_cluster_ocr,https://ncdc.gov.ng/themes/common/files/sitreps/1ac97f89c12c6fa3e2600a90d4ce6dc8.pdf,True
Bayelsa,2024,23,June,466.0,2.0,0.4,36.0,25.0,16.0,0.0,,,,,,B,high,text_cluster_plaintext,https://ncdc.gov.ng/themes/common/files/sitreps/dc7b7c4e4ee6982b93d5cea70d770704.pdf,True
Bayelsa,2024,24,June,466.0,2.0,0.4,36.0,25.0,16.0,0.0,,,,,,B,high,text_cluster_plaintext,https://ncdc.gov.ng/themes/common/files/sitreps/a8f7fd0ce5bbccf0ba161da70d8715cb.pdf,True
Bayelsa,2024,25,June,466.0,2.0,0.4,36.0,25.0,16.0,0.0,,,,,,B,high,text_cluster_plaintext,https://ncdc.gov.ng/themes/common/files/sitreps/790b8fab2b6d4f793cb3bcb012358ee1.pdf,True
Bayelsa,2024,26,June,476.0,2.0,0.4,40.0,28.0,20.0,5.0,,,,,,B,high,text_cluster_plaintext,https://ncdc.gov.ng/themes/common/files/sitreps/427151e2a0d4f38eb7bfe4c537ca90b8.pdf,True
Bayelsa,2024,27,July,476.0,2.0,0.4,40.0,28.0,20.0,5.0,,,,,,B,high,text_cluster_plaintext,https://ncdc.gov.ng/themes/common/files/sitreps/f99ab9adf0f26a1ccc796d7610d40b9c.pdf,True
Bayelsa,2024,28,July,481.0,2.0,0.4,39.0,28.0,20.0,5.0,,,,,,B,high,text_cluster_plaintext,https://ncdc.gov.ng/themes/common/files/sitreps/54d4f611487e13ad9b18dc0586628e47.pdf,True
Bayelsa,2024,29,July,481.0,2.0,0.4,39.0,28.0,20.0,5.0,,,,,,B,high,text_cluster_plaintext,https://ncdc.gov.ng/themes/common/files/sitreps/2c93d23eabd9ac41e2d998c311fbc997.pdf,True
Bayelsa,2024,30,July,481.0,2.0,0.4,41.0,29.0,22.0,5.0,,,,,,B,high,text_cluster_ocr,https://ncdc.gov.ng/themes/common/files/sitreps/948dcfc7e81056bf460d69f4093c5138.pdf,True
Bayelsa,2024,31,August,481.0,2.0,0.4,41.0,29.0,22.0,5.0,,,,,,B,reassembled,text_cluster_plaintext,https://ncdc.gov.ng/themes/common/files/sitreps/62e4eab2da2c97145370a0666fb349d3.pdf,True
Bayelsa,2024,32,August,481.0,2.0,0.4,41.0,29.0,22.0,5.0,,,,,,B,reassembled,text_cluster_plaintext,https://ncdc.gov.ng/themes/common/files/sitreps/67555f6acf99208233aafb5590b1088f.pdf,True
Bayelsa,2024,33,August,481.0,2.0,0.4,41.0,29.0,22.0,5.0,,,,,,B,reassembled,text_cluster_plaintext,https://ncdc.gov.ng/themes/common/files/sitreps/ec8df9ac6829a5efa14fde05e73efa5e.pdf,True
Bayelsa,2024,34,August,513.0,2.0,0.4,51.0,33.0,25.0,4.0,,,,,,B,reassembled,text_cluster_plaintext,https://ncdc.gov.ng/themes/common/files/sitreps/ac3ce9fa88f131df7fd3f8881425d676.pdf,True
Bayelsa,2024,35,August,513.0,2.0,0.4,51.0,33.0,25.0,4.0,,,,,,B,reassembled,text_cluster_plaintext,https://ncdc.gov.ng/themes/common/files/sitreps/4106b79ecb34c2fe4eab6b6731780e50.pdf,True
Bayelsa,2024,36,September,513.0,2.0,0.4,51.0,33.0,25.0,4.0,,,,,,B,reassembled,text_cluster_plaintext,https://ncdc.gov.ng/themes/common/files/sitreps/b92cb2fa6b913e6a049977d412a98049.pdf,True
Bayelsa,2024,37,September,513.0,2.0,0.4,51.0,33.0,25.0,4.0,,,,,,B,reassembled,text_cluster_plaintext,https://ncdc.gov.ng/themes/common/files/sitreps/bb3359fefc78953c99b460c4f11d4655.pdf,True
Bayelsa,2024,38,September,513.0,6.0,1.2,35.0,26.0,14.0,0.0,,,,,,B,reassembled,text_cluster_plaintext,https://ncdc.gov.ng/themes/common/files/sitreps/26ff8c2ef2a8971b754ea6183c360f46.pdf,True
Bayelsa,2024,39,September,513.0,2.0,0.4,51.0,33.0,25.0,4.0,,,,,,B,reassembled,text_cluster_plaintext,https://ncdc.gov.ng/themes/common/files/sitreps/b58818569b47a3a71970b3635abee00a.pdf,False
Benue,2024,12,March,6.0,0.0,0.0,,,,,,,,,,B,reassembled,text_cluster_ocr,https://ncdc.gov.ng/themes/common/files/sitreps/ff94f80a9171582287b63df547e782a0.pdf,True
Benue,2024,17,April,6.0,0.0,0.0,,,,,,,,,,B,reassembled,text_cluster_ocr,https://ncdc.gov.ng/themes/common/files/sitreps/7afa8d786ff9ef15246de64fbdc59cec.pdf,True
Benue,2024,22,May,6.0,0.0,0.0,,,,,,,,,,B,reassembled,text_cluster_ocr,https://ncdc.gov.ng/themes/common/files/sitreps/1ac97f89c12c6fa3e2600a90d4ce6dc8.pdf,True
Benue,2024,23,June,6.0,0.0,0.0,,,,,,,,,,B,reassembled,text_cluster_plaintext,https://ncdc.gov.ng/themes/common/files/sitreps/dc7b7c4e4ee6982b93d5cea70d770704.pdf,True
Benue,2024,24,June,6.0,0.0,0.0,,,,,,,,,,B,reassembled,text_cluster_plaintext,https://ncdc.gov.ng/themes/common/files/sitreps/a8f7fd0ce5bbccf0ba161da70d8715cb.pdf,True
Benue,2024,25,June,6.0,0.0,0.0,,,,,,,,,,B,reassembled,text_cluster_plaintext,https://ncdc.gov.ng/themes/common/files/sitreps/790b8fab2b6d4f793cb3bcb012358ee1.pdf,True
Benue,2024,26,June,6.0,0.0,0.0,,,,,,,,,,B,reassembled,text_cluster_plaintext,https://ncdc.gov.ng/themes/common/files/sitreps/427151e2a0d4f38eb7bfe4c537ca90b8.pdf,True
Benue,2024,27,July,6.0,0.0,0.0,,,,,,,,,,B,reassembled,text_cluster_plaintext,https://ncdc.gov.ng/themes/common/files/sitreps/f99ab9adf0f26a1ccc796d7610d40b9c.pdf,True
Benue,2024,28,July,23.0,4.0,17.4,4.0,0.0,1.0,0.0,,,,,,B,high,text_cluster_plaintext,https://ncdc.gov.ng/themes/common/files/sitreps/54d4f611487e13ad9b18dc0586628e47.pdf,True
Benue,2024,29,July,23.0,4.0,17.4,4.0,0.0,1.0,0.0,,,,,,B,high,text_cluster_plaintext,https://ncdc.gov.ng/themes/common/files/sitreps/2c93d23eabd9ac41e2d998c311fbc997.pdf,True
Benue,2024,30,July,23.0,4.0,17.4,4.0,0.0,1.0,0.0,,,,,,B,high,text_cluster_ocr,https://ncdc.gov.ng/themes/common/files/sitreps/948dcfc7e81056bf460d69f4093c5138.pdf,True
Benue,2024,31,August,23.0,4.0,17.4,4.0,0.0,1.0,0.0,,,,,,B,high,text_cluster_plaintext,https://ncdc.gov.ng/themes/common/files/sitreps/62e4eab2da2c97145370a0666fb349d3.pdf,True
Benue,2024,32,August,23.0,3.0,13.0,5.0,0.0,1.0,0.0,,,,,,B,high,text_cluster_plaintext,https://ncdc.gov.ng/themes/common/files/sitreps/67555f6acf99208233aafb5590b1088f.pdf,False
Benue,2024,33,August,23.0,3.0,13.0,5.0,0.0,1.0,0.0,,,,,,B,high,text_cluster_plaintext,https://ncdc.gov.ng/themes/common/files/sitreps/ec8df9ac6829a5efa14fde05e73efa5e.pdf,True
Benue,2024,34,August,23.0,3.0,13.0,5.0,0.0,1.0,0.0,,,,,,B,high,text_cluster_plaintext,https://ncdc.gov.ng/themes/common/files/sitreps/ac3ce9fa88f131df7fd3f8881425d676.pdf,True
Benue,2024,35,August,23.0,3.0,13.0,5.0,0.0,1.0,0.0,,,,,,B,high,text_cluster_plaintext,https://ncdc.gov.ng/themes/common/files/sitreps/4106b79ecb34c2fe4eab6b6731780e50.pdf,True
Benue,2024,36,September,23.0,3.0,13.0,5.0,0.0,1.0,0.0,,,,,,B,high,text_cluster_plaintext,https://ncdc.gov.ng/themes/common/files/sitreps/b92cb2fa6b913e6a049977d412a98049.pdf,True
Benue,2024,37,September,23.0,3.0,13.0,5.0,0.0,1.0,0.0,,,,,,B,high,text_cluster_plaintext,https://ncdc.gov.ng/themes/common/files/sitreps/bb3359fefc78953c99b460c4f11d4655.pdf,True
Benue,2024,38,September,23.0,0.0,0.0,4.0,50.0,5.0,20.0,,,,,,B,reassembled,text_cluster_plaintext,https://ncdc.gov.ng/themes/common/files/sitreps/26ff8c2ef2a8971b754ea6183c360f46.pdf,False
Benue,2024,39,September,23.0,3.0,13.0,5.0,0.0,1.0,0.0,,,,,,B,high,text_cluster_plaintext,https://ncdc.gov.ng/themes/common/files/sitreps/b58818569b47a3a71970b3635abee00a.pdf,True
Borno,2024,17,April,1.0,0.0,0.0,,,,,,,,,,B,reassembled,text_cluster_ocr,https://ncdc.gov.ng/themes/common/files/sitreps/7afa8d786ff9ef15246de64fbdc59cec.pdf,True
Borno,2024,22,May,1.0,0.0,0.0,,,,,,,,,,B,reassembled,text_cluster_ocr,https://ncdc.gov.ng/themes/common/files/sitreps/1ac97f89c12c6fa3e2600a90d4ce6dc8.pdf,True
Borno,2024,23,June,2.0,0.0,0.0,,,,,,,,,,B,reassembled,text_cluster_plaintext,https://ncdc.gov.ng/themes/common/files/sitreps/dc7b7c4e4ee6982b93d5cea70d770704.pdf,True
Borno,2024,24,June,2.0,0.0,0.0,,,,,,,,,,B,reassembled,text_cluster_plaintext,https://ncdc.gov.ng/themes/common/files/sitreps/a8f7fd0ce5bbccf0ba161da70d8715cb.pdf,True
Borno,2024,25,June,2.0,0.0,0.0,,,,,,,,,,B,reassembled,text_cluster_plaintext,https://ncdc.gov.ng/themes/common/files/sitreps/790b8fab2b6d4f793cb3bcb012358ee1.pdf,True
Borno,2024,26,June,2.0,0.0,0.0,,,,,,,,,,B,reassembled,text_cluster_plaintext,https://ncdc.gov.ng/themes/common/files/sitreps/427151e2a0d4f38eb7bfe4c537ca90b8.pdf,True
Borno,2024,27,July,3.0,0.0,0.0,1.0,0.0,,,,,,,,B,reassembled,text_cluster_plaintext,https://ncdc.gov.ng/themes/common/files/sitreps/f99ab9adf0f26a1ccc796d7610d40b9c.pdf,True
Borno,2024,28,July,3.0,0.0,0.0,1.0,0.0,,,,,,,,B,reassembled,text_cluster_plaintext,https://ncdc.gov.ng/themes/common/files/sitreps/54d4f611487e13ad9b18dc0586628e47.pdf,True
Borno,2024,29,July,3.0,0.0,0.0,1.0,0.0,,,,,,,,B,reassembled,text_cluster_plaintext,https://ncdc.gov.ng/themes/common/files/sitreps/2c93d23eabd9ac41e2d998c311fbc997.pdf,True
Borno,2024,31,August,3.0,0.0,0.0,1.0,0.0,,,,,,,,B,reassembled,text_cluster_plaintext,https://ncdc.gov.ng/themes/common/files/sitreps/62e4eab2da2c97145370a0666fb349d3.pdf,True
Borno,2024,32,August,3.0,0.0,0.0,1.0,0.0,,,,,,,,B,reassembled,text_cluster_plaintext,https://ncdc.gov.ng/themes/common/files/sitreps/67555f6acf99208233aafb5590b1088f.pdf,True
Borno,2024,33,August,3.0,0.0,0.0,1.0,0.0,,,,,,,,B,reassembled,text_cluster_plaintext,https://ncdc.gov.ng/themes/common/files/sitreps/ec8df9ac6829a5efa14fde05e73efa5e.pdf,True
Borno,2024,34,August,3.0,0.0,0.0,1.0,0.0,,,,,,,,B,reassembled,text_cluster_plaintext,https://ncdc.gov.ng/themes/common/files/sitreps/ac3ce9fa88f131df7fd3f8881425d676.pdf,True
Borno,2024,35,August,3.0,0.0,0.0,1.0,0.0,,,,,,,,B,reassembled,text_cluster_plaintext,https://ncdc.gov.ng/themes/common/files/sitreps/4106b79ecb34c2fe4eab6b6731780e50.pdf,True
Borno,2024,36,September,3.0,0.0,0.0,1.0,0.0,,,,,,,,B,reassembled,text_cluster_plaintext,https://ncdc.gov.ng/themes/common/files/sitreps/b92cb2fa6b913e6a049977d412a98049.pdf,True
Borno,2024,37,September,3.0,0.0,0.0,1.0,0.0,,,,,,,,B,reassembled,text_cluster_plaintext,https://ncdc.gov.ng/themes/common/files/sitreps/bb3359fefc78953c99b460c4f11d4655.pdf,True
Borno,2024,38,September,556.0,4.0,0.7,31.0,39.0,11.0,18.0,,,,,,B,reassembled,text_cluster_plaintext,https://ncdc.gov.ng/themes/common/files/sitreps/26ff8c2ef2a8971b754ea6183c360f46.pdf,True
Borno,2024,39,September,588.0,5.0,0.9,75.0,84.0,10.0,60.0,,,,,,B,reassembled,text_cluster_plaintext,https://ncdc.gov.ng/themes/common/files/sitreps/b58818569b47a3a71970b3635abee00a.pdf,True
Cross River,2024,8,February,42.0,1.0,2.4,9.0,22.0,2.0,50.0,,,,,,B,high,text_cluster_ocr,https://ncdc.gov.ng/themes/common/files/sitreps/1c2cfbf2bc4fb6e10ba27a335b7bae2c.pdf,True
Cross River,2024,12,March,42.0,1.0,2.4,9.0,22.0,2.0,50.0,,,,,,B,high,text_cluster_ocr,https://ncdc.gov.ng/themes/common/files/sitreps/ff94f80a9171582287b63df547e782a0.pdf,True
Cross River,2024,17,April,42.0,1.0,2.4,9.0,22.0,2.0,50.0,,,,,,B,high,text_cluster_ocr,https://ncdc.gov.ng/themes/common/files/sitreps/7afa8d786ff9ef15246de64fbdc59cec.pdf,True
Cross River,2024,22,May,42.0,1.0,2.4,9.0,22.0,2.0,50.0,,,,,,B,high,text_cluster_ocr,https://ncdc.gov.ng/themes/common/files/sitreps/1ac97f89c12c6fa3e2600a90d4ce6dc8.pdf,True
Cross River,2024,23,June,43.0,1.0,2.3,25.0,8.0,2.0,50.0,,,,,,B,high,text_cluster_plaintext,https://ncdc.gov.ng/themes/common/files/sitreps/dc7b7c4e4ee6982b93d5cea70d770704.pdf,True
Cross River,2024,24,June,43.0,1.0,2.3,25.0,8.0,2.0,50.0,,,,,,B,high,text_cluster_plaintext,https://ncdc.gov.ng/themes/common/files/sitreps/a8f7fd0ce5bbccf0ba161da70d8715cb.pdf,True
Cross River,2024,25,June,43.0,1.0,2.3,25.0,8.0,2.0,50.0,,,,,,B,high,text_cluster_plaintext,https://ncdc.gov.ng/themes/common/files/sitreps/790b8fab2b6d4f793cb3bcb012358ee1.pdf,True
Cross River,2024,26,June,43.0,1.0,2.3,25.0,8.0,2.0,50.0,,,,,,B,high,text_cluster_plaintext,https://ncdc.gov.ng/themes/common/files/sitreps/427151e2a0d4f38eb7bfe4c537ca90b8.pdf,True
Cross River,2024,27,July,43.0,1.0,2.3,25.0,8.0,2.0,50.0,,,,,,B,high,text_cluster_plaintext,https://ncdc.gov.ng/themes/common/files/sitreps/f99ab9adf0f26a1ccc796d7610d40b9c.pdf,True
Cross River,2024,28,July,43.0,1.0,2.3,25.0,8.0,2.0,50.0,,,,,,B,high,text_cluster_plaintext,https://ncdc.gov.ng/themes/common/files/sitreps/54d4f611487e13ad9b18dc0586628e47.pdf,True
Cross River,2024,29,July,43.0,1.0,2.3,25.0,8.0,2.0,50.0,,,,,,B,high,text_cluster_plaintext,https://ncdc.gov.ng/themes/common/files/sitreps/2c93d23eabd9ac41e2d998c311fbc997.pdf,True
Cross River,2024,30,July,43.0,1.0,2.3,25.0,8.0,2.0,50.0,,,,,,B,high,text_cluster_ocr,https://ncdc.gov.ng/themes/common/files/sitreps/948dcfc7e81056bf460d69f4093c5138.pdf,True
Cross River,2024,31,August,43.0,1.0,2.3,25.0,8.0,2.0,50.0,,,,,,B,high,text_cluster_plaintext,https://ncdc.gov.ng/themes/common/files/sitreps/62e4eab2da2c97145370a0666fb349d3.pdf,True
Cross River,2024,32,August,43.0,1.0,2.3,25.0,8.0,2.0,50.0,,,,,,B,high,text_cluster_plaintext,https://ncdc.gov.ng/themes/common/files/sitreps/67555f6acf99208233aafb5590b1088f.pdf,True
Cross River,2024,33,August,43.0,1.0,2.3,25.0,8.0,2.0,50.0,,,,,,B,high,text_cluster_plaintext,https://ncdc.gov.ng/themes/common/files/sitreps/ec8df9ac6829a5efa14fde05e73efa5e.pdf,True
Cross River,2024,34,August,52.0,1.0,1.9,28.0,7.0,9.0,11.0,,,,,,B,high,text_cluster_plaintext,https://ncdc.gov.ng/themes/common/files/sitreps/ac3ce9fa88f131df7fd3f8881425d676.pdf,True
Cross River,2024,35,August,52.0,1.0,1.9,28.0,7.0,9.0,11.0,,,,,,B,high,text_cluster_plaintext,https://ncdc.gov.ng/themes/common/files/sitreps/4106b79ecb34c2fe4eab6b6731780e50.pdf,True
Cross River,2024,36,September,52.0,1.0,1.9,28.0,7.0,9.0,11.0,,,,,,B,high,text_cluster_plaintext,https://ncdc.gov.ng/themes/common/files/sitreps/b92cb2fa6b913e6a049977d412a98049.pdf,True
Cross River,2024,37,September,52.0,1.0,1.9,28.0,7.0,9.0,11.0,,,,,,B,high,text_cluster_plaintext,https://ncdc.gov.ng/themes/common/files/sitreps/bb3359fefc78953c99b460c4f11d4655.pdf,True
Cross River,2024,38,September,54.0,4.0,7.4,33.0,100.0,5.0,60.0,,,,,,B,high,text_cluster_plaintext,https://ncdc.gov.ng/themes/common/files/sitreps/26ff8c2ef2a8971b754ea6183c360f46.pdf,True
Cross River,2024,39,September,54.0,1.0,1.9,28.0,7.0,11.0,9.0,,,,,,B,high,text_cluster_plaintext,https://ncdc.gov.ng/themes/common/files/sitreps/b58818569b47a3a71970b3635abee00a.pdf,False
Delta,2024,8,February,24.0,1.0,4.2,,,,,,,,,,B,high,text_cluster_ocr,https://ncdc.gov.ng/themes/common/files/sitreps/1c2cfbf2bc4fb6e10ba27a335b7bae2c.pdf,True
Delta,2024,12,March,24.0,1.0,4.2,,,,,,,,,,B,high,text_cluster_ocr,https://ncdc.gov.ng/themes/common/files/sitreps/ff94f80a9171582287b63df547e782a0.pdf,True
Delta,2024,17,April,34.0,4.0,11.8,,,,,,,,,,B,high,text_cluster_ocr,https://ncdc.gov.ng/themes/common/files/sitreps/7afa8d786ff9ef15246de64fbdc59cec.pdf,True
Delta,2024,22,May,34.0,4.0,11.8,,,,,,,,,,B,high,text_cluster_ocr,https://ncdc.gov.ng/themes/common/files/sitreps/1ac97f89c12c6fa3e2600a90d4ce6dc8.pdf,True
Delta,2024,23,June,34.0,4.0,11.8,,,,,,,,,,B,high,text_cluster_plaintext,https://ncdc.gov.ng/themes/common/files/sitreps/dc7b7c4e4ee6982b93d5cea70d770704.pdf,True
Delta,2024,24,June,34.0,4.0,11.8,,,,,,,,,,B,high,text_cluster_plaintext,https://ncdc.gov.ng/themes/common/files/sitreps/a8f7fd0ce5bbccf0ba161da70d8715cb.pdf,True
Delta,2024,25,June,34.0,4.0,11.8,,,,,,,,,,B,high,text_cluster_plaintext,https://ncdc.gov.ng/themes/common/files/sitreps/790b8fab2b6d4f793cb3bcb012358ee1.pdf,True
Delta,2024,26,June,34.0,4.0,11.8,,,,,,,,,,B,high,text_cluster_plaintext,https://ncdc.gov.ng/themes/common/files/sitreps/427151e2a0d4f38eb7bfe4c537ca90b8.pdf,True
Delta,2024,27,July,64.0,4.0,6.3,25.0,28.0,,,,,,,,B,high,text_cluster_plaintext,https://ncdc.gov.ng/themes/common/files/sitreps/f99ab9adf0f26a1ccc796d7610d40b9c.pdf,True
Delta,2024,28,July,64.0,4.0,6.3,25.0,28.0,,,,,,,,B,high,text_cluster_plaintext,https://ncdc.gov.ng/themes/common/files/sitreps/54d4f611487e13ad9b18dc0586628e47.pdf,True
Delta,2024,29,July,64.0,4.0,6.3,25.0,28.0,,,,,,,,B,high,text_cluster_plaintext,https://ncdc.gov.ng/themes/common/files/sitreps/2c93d23eabd9ac41e2d998c311fbc997.pdf,True
Delta,2024,30,July,85.0,4.0,4.7,26.0,27.0,,,,,,,,B,high,text_cluster_ocr,https://ncdc.gov.ng/themes/common/files/sitreps/948dcfc7e81056bf460d69f4093c5138.pdf,True
Delta,2024,31,August,85.0,4.0,4.7,26.0,27.0,,,,,,,,B,high,text_cluster_plaintext,https://ncdc.gov.ng/themes/common/files/sitreps/62e4eab2da2c97145370a0666fb349d3.pdf,True
Delta,2024,32,August,85.0,4.0,4.7,26.0,27.0,,,,,,,,B,high,text_cluster_plaintext,https://ncdc.gov.ng/themes/common/files/sitreps/67555f6acf99208233aafb5590b1088f.pdf,True
Delta,2024,33,August,85.0,4.0,4.7,26.0,27.0,,,,,,,,B,high,text_cluster_plaintext,https://ncdc.gov.ng/themes/common/files/sitreps/ec8df9ac6829a5efa14fde05e73efa5e.pdf,True
Delta,2024,34,August,85.0,4.0,4.7,26.0,27.0,,,,,,,,B,high,text_cluster_plaintext,https://ncdc.gov.ng/themes/common/files/sitreps/ac3ce9fa88f131df7fd3f8881425d676.pdf,True
Delta,2024,35,August,85.0,4.0,4.7,26.0,27.0,,,,,,,,B,high,text_cluster_plaintext,https://ncdc.gov.ng/themes/common/files/sitreps/4106b79ecb34c2fe4eab6b6731780e50.pdf,True
Delta,2024,36,September,85.0,4.0,4.7,26.0,27.0,,,,,,,,B,high,text_cluster_plaintext,https://ncdc.gov.ng/themes/common/files/sitreps/b92cb2fa6b913e6a049977d412a98049.pdf,True
Delta,2024,37,September,85.0,4.0,4.7,26.0,27.0,,,,,,,,B,high,text_cluster_plaintext,https://ncdc.gov.ng/themes/common/files/sitreps/bb3359fefc78953c99b460c4f11d4655.pdf,True
Delta,2024,38,September,78.0,2.0,2.6,30.0,13.0,12.0,17.0,,,,,,B,high,text_cluster_plaintext,https://ncdc.gov.ng/themes/common/files/sitreps/26ff8c2ef2a8971b754ea6183c360f46.pdf,False
Delta,2024,39,September,85.0,4.0,4.7,26.0,27.0,,,,,,,,B,high,text_cluster_plaintext,https://ncdc.gov.ng/themes/common/files/sitreps/b58818569b47a3a71970b3635abee00a.pdf,True
Ebonyi,2024,22,May,38.0,0.0,0.0,,,,,,,,,,B,reassembled,text_cluster_ocr,https://ncdc.gov.ng/themes/common/files/sitreps/1ac97f89c12c6fa3e2600a90d4ce6dc8.pdf,True
Ebonyi,2024,23,June,38.0,0.0,0.0,,,,,,,,,,B,reassembled,text_cluster_plaintext,https://ncdc.gov.ng/themes/common/files/sitreps/dc7b7c4e4ee6982b93d5cea70d770704.pdf,True
Ebonyi,2024,24,June,38.0,0.0,0.0,,,,,,,,,,B,reassembled,text_cluster_plaintext,https://ncdc.gov.ng/themes/common/files/sitreps/a8f7fd0ce5bbccf0ba161da70d8715cb.pdf,True
Ebonyi,2024,25,June,38.0,0.0,0.0,,,,,,,,,,B,reassembled,text_cluster_plaintext,https://ncdc.gov.ng/themes/common/files/sitreps/790b8fab2b6d4f793cb3bcb012358ee1.pdf,True
Ebonyi,2024,26,June,38.0,0.0,0.0,,,,,,,,,,B,reassembled,text_cluster_plaintext,https://ncdc.gov.ng/themes/common/files/sitreps/427151e2a0d4f38eb7bfe4c537ca90b8.pdf,True
Ebonyi,2024,27,July,110.0,1.0,0.9,12.0,8.0,,,,,,,,B,high,text_cluster_plaintext,https://ncdc.gov.ng/themes/common/files/sitreps/f99ab9adf0f26a1ccc796d7610d40b9c.pdf,True
Ebonyi,2024,28,July,148.0,1.0,0.7,12.0,8.0,,,,,,,,B,high,text_cluster_plaintext,https://ncdc.gov.ng/themes/common/files/sitreps/54d4f611487e13ad9b18dc0586628e47.pdf,True
Ebonyi,2024,29,July,148.0,1.0,0.7,12.0,8.0,,,,,,,,B,high,text_cluster_plaintext,https://ncdc.gov.ng/themes/common/files/sitreps/2c93d23eabd9ac41e2d998c311fbc997.pdf,True
Ebonyi,2024,30,July,152.0,1.0,0.7,16.0,13.0,,,,,,,,B,high,text_cluster_ocr,https://ncdc.gov.ng/themes/common/files/sitreps/948dcfc7e81056bf460d69f4093c5138.pdf,True
Ebonyi,2024,31,August,152.0,1.0,0.7,16.0,13.0,,,,,,,,B,reassembled,text_cluster_plaintext,https://ncdc.gov.ng/themes/common/files/sitreps/62e4eab2da2c97145370a0666fb349d3.pdf,True
Ebonyi,2024,32,August,154.0,1.0,0.6,18.0,11.0,,,,,,,,B,reassembled,text_cluster_plaintext,https://ncdc.gov.ng/themes/common/files/sitreps/67555f6acf99208233aafb5590b1088f.pdf,True
Ebonyi,2024,33,August,154.0,1.0,0.6,18.0,11.0,,,,,,,,B,reassembled,text_cluster_plaintext,https://ncdc.gov.ng/themes/common/files/sitreps/ec8df9ac6829a5efa14fde05e73efa5e.pdf,True
Ebonyi,2024,34,August,185.0,1.0,0.5,17.0,12.0,,,,,,,,B,reassembled,text_cluster_plaintext,https://ncdc.gov.ng/themes/common/files/sitreps/ac3ce9fa88f131df7fd3f8881425d676.pdf,True
Ebonyi,2024,35,August,198.0,1.0,0.5,17.0,12.0,,,,,,,,B,reassembled,text_cluster_plaintext,https://ncdc.gov.ng/themes/common/files/sitreps/4106b79ecb34c2fe4eab6b6731780e50.pdf,True
Ebonyi,2024,36,September,198.0,1.0,0.5,17.0,12.0,,,,,,,,B,reassembled,text_cluster_plaintext,https://ncdc.gov.ng/themes/common/files/sitreps/b92cb2fa6b913e6a049977d412a98049.pdf,True
Ebonyi,2024,37,September,198.0,1.0,0.5,17.0,12.0,,,,,,,,B,reassembled,text_cluster_plaintext,https://ncdc.gov.ng/themes/common/files/sitreps/bb3359fefc78953c99b460c4f11d4655.pdf,True
Ebonyi,2024,38,September,214.0,4.0,1.9,38.0,21.0,,,,,,,,B,reassembled,text_cluster_plaintext,https://ncdc.gov.ng/themes/common/files/sitreps/26ff8c2ef2a8971b754ea6183c360f46.pdf,True
Ebonyi,2024,39,September,244.0,16.0,6.6,32.0,53.0,,,,,,,,B,reassembled,text_cluster_plaintext,https://ncdc.gov.ng/themes/common/files/sitreps/b58818569b47a3a71970b3635abee00a.pdf,True
Edo,2024,17,April,1.0,0.0,0.0,,,,,,,,,,B,reassembled,text_cluster_ocr,https://ncdc.gov.ng/themes/common/files/sitreps/7afa8d786ff9ef15246de64fbdc59cec.pdf,True
Edo,2024,22,May,1.0,0.0,0.0,,,,,,,,,,B,reassembled,text_cluster_ocr,https://ncdc.gov.ng/themes/common/files/sitreps/1ac97f89c12c6fa3e2600a90d4ce6dc8.pdf,True
Edo,2024,23,June,1.0,0.0,0.0,,,,,,,,,,B,reassembled,text_cluster_plaintext,https://ncdc.gov.ng/themes/common/files/sitreps/dc7b7c4e4ee6982b93d5cea70d770704.pdf,True
Edo,2024,24,June,1.0,0.0,0.0,,,,,,,,,,B,reassembled,text_cluster_plaintext,https://ncdc.gov.ng/themes/common/files/sitreps/a8f7fd0ce5bbccf0ba161da70d8715cb.pdf,True
Edo,2024,25,June,1.0,0.0,0.0,,,,,,,,,,B,reassembled,text_cluster_plaintext,https://ncdc.gov.ng/themes/common/files/sitreps/790b8fab2b6d4f793cb3bcb012358ee1.pdf,True
Edo,2024,26,June,1.0,0.0,0.0,,,,,,,,,,B,reassembled,text_cluster_plaintext,https://ncdc.gov.ng/themes/common/files/sitreps/427151e2a0d4f38eb7bfe4c537ca90b8.pdf,True
Edo,2024,27,July,1.0,0.0,0.0,,,,,,,,,,B,reassembled,text_cluster_plaintext,https://ncdc.gov.ng/themes/common/files/sitreps/f99ab9adf0f26a1ccc796d7610d40b9c.pdf,True
Edo,2024,28,July,1.0,0.0,0.0,,,,,,,,,,B,reassembled,text_cluster_plaintext,https://ncdc.gov.ng/themes/common/files/sitreps/54d4f611487e13ad9b18dc0586628e47.pdf,True
Edo,2024,29,July,1.0,0.0,0.0,,,,,,,,,,B,reassembled,text_cluster_plaintext,https://ncdc.gov.ng/themes/common/files/sitreps/2c93d23eabd9ac41e2d998c311fbc997.pdf,True
Edo,2024,30,July,1.0,0.0,0.0,,,,,,,,,,B,reassembled,text_cluster_ocr,https://ncdc.gov.ng/themes/common/files/sitreps/948dcfc7e81056bf460d69f4093c5138.pdf,True
Edo,2024,31,August,1.0,0.0,0.0,,,,,,,,,,B,reassembled,text_cluster_plaintext,https://ncdc.gov.ng/themes/common/files/sitreps/62e4eab2da2c97145370a0666fb349d3.pdf,True
Edo,2024,32,August,1.0,0.0,0.0,,,,,,,,,,B,reassembled,text_cluster_plaintext,https://ncdc.gov.ng/themes/common/files/sitreps/67555f6acf99208233aafb5590b1088f.pdf,True
Edo,2024,33,August,1.0,0.0,0.0,,,,,,,,,,B,reassembled,text_cluster_plaintext,https://ncdc.gov.ng/themes/common/files/sitreps/ec8df9ac6829a5efa14fde05e73efa5e.pdf,True
Edo,2024,35,August,20.0,0.0,0.0,15.0,0.0,11.0,55.0,,,,,,B,reassembled,text_cluster_plaintext,https://ncdc.gov.ng/themes/common/files/sitreps/4106b79ecb34c2fe4eab6b6731780e50.pdf,True
Edo,2024,36,September,40.0,0.0,0.0,34.0,0.0,12.0,50.0,,,,,,B,reassembled,text_cluster_plaintext,https://ncdc.gov.ng/themes/common/files/sitreps/b92cb2fa6b913e6a049977d412a98049.pdf,True
Edo,2024,37,September,54.0,0.0,0.0,50.0,10.0,14.0,36.0,,,,,,B,reassembled,text_cluster_plaintext,https://ncdc.gov.ng/themes/common/files/sitreps/bb3359fefc78953c99b460c4f11d4655.pdf,True
Edo,2024,38,September,55.0,0.0,0.0,5.0,20.0,,,,,,,,B,reassembled,text_cluster_plaintext,https://ncdc.gov.ng/themes/common/files/sitreps/26ff8c2ef2a8971b754ea6183c360f46.pdf,True
Edo,2024,39,September,55.0,0.0,0.0,50.0,10.0,15.0,40.0,,,,,,B,reassembled,text_cluster_plaintext,https://ncdc.gov.ng/themes/common/files/sitreps/b58818569b47a3a71970b3635abee00a.pdf,True
Ekiti,2024,17,April,5.0,0.0,0.0,2.0,0.0,,,,,,,,B,reassembled,text_cluster_ocr,https://ncdc.gov.ng/themes/common/files/sitreps/7afa8d786ff9ef15246de64fbdc59cec.pdf,True
Ekiti,2024,22,May,6.0,0.0,0.0,2.0,0.0,,,,,,,,B,reassembled,text_cluster_ocr,https://ncdc.gov.ng/themes/common/files/sitreps/1ac97f89c12c6fa3e2600a90d4ce6dc8.pdf,True
Ekiti,2024,23,June,6.0,0.0,0.0,2.0,0.0,,,,,,,,B,reassembled,text_cluster_plaintext,https://ncdc.gov.ng/themes/common/files/sitreps/dc7b7c4e4ee6982b93d5cea70d770704.pdf,True
Ekiti,2024,24,June,6.0,0.0,0.0,2.0,0.0,,,,,,,,B,reassembled,text_cluster_plaintext,https://ncdc.gov.ng/themes/common/files/sitreps/a8f7fd0ce5bbccf0ba161da70d8715cb.pdf,True
Ekiti,2024,25,June,6.0,0.0,0.0,2.0,0.0,,,,,,,,B,reassembled,text_cluster_plaintext,https://ncdc.gov.ng/themes/common/files/sitreps/790b8fab2b6d4f793cb3bcb012358ee1.pdf,True
Ekiti,2024,26,June,6.0,0.0,0.0,2.0,0.0,,,,,,,,B,reassembled,text_cluster_plaintext,https://ncdc.gov.ng/themes/common/files/sitreps/427151e2a0d4f38eb7bfe4c537ca90b8.pdf,True
Ekiti,2024,27,July,6.0,0.0,0.0,2.0,0.0,,,,,,,,B,reassembled,text_cluster_plaintext,https://ncdc.gov.ng/themes/common/files/sitreps/f99ab9adf0f26a1ccc796d7610d40b9c.pdf,True
Ekiti,2024,28,July,13.0,0.0,0.0,3.0,33.0,2.0,0.0,,,,,,B,reassembled,text_cluster_plaintext,https://ncdc.gov.ng/themes/common/files/sitreps/54d4f611487e13ad9b18dc0586628e47.pdf,True
Ekiti,2024,29,July,13.0,0.0,0.0,3.0,33.0,2.0,0.0,,,,,,B,reassembled,text_cluster_plaintext,https://ncdc.gov.ng/themes/common/files/sitreps/2c93d23eabd9ac41e2d998c311fbc997.pdf,True
Ekiti,2024,30,July,18.0,0.0,0.0,5.0,20.0,2.0,0.0,,,,,,B,reassembled,text_cluster_ocr,https://ncdc.gov.ng/themes/common/files/sitreps/948dcfc7e81056bf460d69f4093c5138.pdf,True
Ekiti,2024,31,August,18.0,0.0,0.0,5.0,20.0,2.0,0.0,,,,,,B,reassembled,text_cluster_plaintext,https://ncdc.gov.ng/themes/common/files/sitreps/62e4eab2da2c97145370a0666fb349d3.pdf,True
Ekiti,2024,32,August,18.0,0.0,0.0,5.0,20.0,2.0,0.0,,,,,,B,reassembled,text_cluster_plaintext,https://ncdc.gov.ng/themes/common/files/sitreps/67555f6acf99208233aafb5590b1088f.pdf,True
Ekiti,2024,33,August,18.0,0.0,0.0,5.0,20.0,2.0,0.0,,,,,,B,reassembled,text_cluster_plaintext,https://ncdc.gov.ng/themes/common/files/sitreps/ec8df9ac6829a5efa14fde05e73efa5e.pdf,True
Ekiti,2024,34,August,18.0,0.0,0.0,5.0,20.0,2.0,0.0,,,,,,B,reassembled,text_cluster_plaintext,https://ncdc.gov.ng/themes/common/files/sitreps/ac3ce9fa88f131df7fd3f8881425d676.pdf,True
Ekiti,2024,35,August,18.0,0.0,0.0,5.0,20.0,2.0,0.0,,,,,,B,reassembled,text_cluster_plaintext,https://ncdc.gov.ng/themes/common/files/sitreps/4106b79ecb34c2fe4eab6b6731780e50.pdf,True
Ekiti,2024,36,September,19.0,0.0,0.0,5.0,20.0,3.0,0.0,,,,,,B,reassembled,text_cluster_plaintext,https://ncdc.gov.ng/themes/common/files/sitreps/b92cb2fa6b913e6a049977d412a98049.pdf,True
Ekiti,2024,37,September,19.0,0.0,0.0,5.0,20.0,3.0,0.0,,,,,,B,reassembled,text_cluster_plaintext,https://ncdc.gov.ng/themes/common/files/sitreps/bb3359fefc78953c99b460c4f11d4655.pdf,True
Ekiti,2024,39,September,19.0,0.0,0.0,5.0,20.0,3.0,0.0,,,,,,B,reassembled,text_cluster_plaintext,https://ncdc.gov.ng/themes/common/files/sitreps/b58818569b47a3a71970b3635abee00a.pdf,True
FCT,2024,23,June,1.0,0.0,0.0,1.0,0.0,,,,,,,,B,reassembled,text_cluster_plaintext,https://ncdc.gov.ng/themes/common/files/sitreps/dc7b7c4e4ee6982b93d5cea70d770704.pdf,True
FCT,2024,24,June,1.0,0.0,0.0,1.0,0.0,,,,,,,,B,reassembled,text_cluster_plaintext,https://ncdc.gov.ng/themes/common/files/sitreps/a8f7fd0ce5bbccf0ba161da70d8715cb.pdf,True
FCT,2024,25,June,1.0,0.0,0.0,1.0,0.0,,,,,,,,B,reassembled,text_cluster_plaintext,https://ncdc.gov.ng/themes/common/files/sitreps/790b8fab2b6d4f793cb3bcb012358ee1.pdf,True
FCT,2024,27,July,2.0,0.0,0.0,2.0,0.0,,,,,,,,B,reassembled,text_cluster_plaintext,https://ncdc.gov.ng/themes/common/files/sitreps/f99ab9adf0f26a1ccc796d7610d40b9c.pdf,True
FCT,2024,29,July,17.0,0.0,0.0,4.0,25.0,,,,,,,,B,reassembled,text_cluster_plaintext,https://ncdc.gov.ng/themes/common/files/sitreps/2c93d23eabd9ac41e2d998c311fbc997.pdf,True
FCT,2024,31,August,19.0,0.0,0.0,4.0,25.0,,,,,,,,B,reassembled,text_cluster_plaintext,https://ncdc.gov.ng/themes/common/files/sitreps/62e4eab2da2c97145370a0666fb349d3.pdf,True
FCT,2024,32,August,19.0,0.0,0.0,4.0,25.0,,,,,,,,B,reassembled,text_cluster_plaintext,https://ncdc.gov.ng/themes/common/files/sitreps/67555f6acf99208233aafb5590b1088f.pdf,True
FCT,2024,33,August,19.0,0.0,0.0,4.0,25.0,,,,,,,,B,reassembled,text_cluster_plaintext,https://ncdc.gov.ng/themes/common/files/sitreps/ec8df9ac6829a5efa14fde05e73efa5e.pdf,True
FCT,2024,34,August,19.0,0.0,0.0,4.0,25.0,,,,,,,,B,reassembled,text_cluster_plaintext,https://ncdc.gov.ng/themes/common/files/sitreps/ac3ce9fa88f131df7fd3f8881425d676.pdf,True
FCT,2024,35,August,19.0,0.0,0.0,4.0,25.0,,,,,,,,B,reassembled,text_cluster_plaintext,https://ncdc.gov.ng/themes/common/files/sitreps/4106b79ecb34c2fe4eab6b6731780e50.pdf,True
FCT,2024,36,September,19.0,0.0,0.0,4.0,25.0,,,,,,,,B,reassembled,text_cluster_plaintext,https://ncdc.gov.ng/themes/common/files/sitreps/b92cb2fa6b913e6a049977d412a98049.pdf,True
FCT,2024,37,September,19.0,0.0,0.0,4.0,25.0,,,,,,,,B,reassembled,text_cluster_plaintext,https://ncdc.gov.ng/themes/common/files/sitreps/bb3359fefc78953c99b460c4f11d4655.pdf,True
FCT,2024,38,September,3.0,3.0,100.0,,,,,,,,,,B,high,text_cluster_plaintext,https://ncdc.gov.ng/themes/common/files/sitreps/26ff8c2ef2a8971b754ea6183c360f46.pdf,False
FCT,2024,39,September,23.0,0.0,0.0,8.0,25.0,,,,,,,,B,reassembled,text_cluster_plaintext,https://ncdc.gov.ng/themes/common/files/sitreps/b58818569b47a3a71970b3635abee00a.pdf,False
Gombe,2024,17,April,5.0,0.0,0.0,4.0,0.0,,,,,,,,B,reassembled,text_cluster_ocr,https://ncdc.gov.ng/themes/common/files/sitreps/7afa8d786ff9ef15246de64fbdc59cec.pdf,True
Gombe,2024,22,May,5.0,0.0,0.0,4.0,0.0,,,,,,,,B,reassembled,text_cluster_ocr,https://ncdc.gov.ng/themes/common/files/sitreps/1ac97f89c12c6fa3e2600a90d4ce6dc8.pdf,True
Gombe,2024,23,June,5.0,0.0,0.0,4.0,0.0,,,,,,,,B,reassembled,text_cluster_plaintext,https://ncdc.gov.ng/themes/common/files/sitreps/dc7b7c4e4ee6982b93d5cea70d770704.pdf,True
Gombe,2024,24,June,5.0,0.0,0.0,4.0,0.0,,,,,,,,B,reassembled,text_cluster_plaintext,https://ncdc.gov.ng/themes/common/files/sitreps/a8f7fd0ce5bbccf0ba161da70d8715cb.pdf,True
Gombe,2024,25,June,5.0,0.0,0.0,4.0,0.0,,,,,,,,B,reassembled,text_cluster_plaintext,https://ncdc.gov.ng/themes/common/files/sitreps/790b8fab2b6d4f793cb3bcb012358ee1.pdf,True
Gombe,2024,26,June,7.0,0.0,0.0,6.0,0.0,,,,,,,,B,reassembled,text_cluster_plaintext,https://ncdc.gov.ng/themes/common/files/sitreps/427151e2a0d4f38eb7bfe4c537ca90b8.pdf,True
Gombe,2024,27,July,7.0,0.0,0.0,6.0,0.0,,,,,,,,B,reassembled,text_cluster_plaintext,https://ncdc.gov.ng/themes/common/files/sitreps/f99ab9adf0f26a1ccc796d7610d40b9c.pdf,True
Gombe,2024,28,July,9.0,0.0,0.0,8.0,0.0,,,,,,,,B,reassembled,text_cluster_plaintext,https://ncdc.gov.ng/themes/common/files/sitreps/54d4f611487e13ad9b18dc0586628e47.pdf,True
Gombe,2024,29,July,9.0,0.0,0.0,8.0,0.0,,,,,,,,B,reassembled,text_cluster_plaintext,https://ncdc.gov.ng/themes/common/files/sitreps/2c93d23eabd9ac41e2d998c311fbc997.pdf,True
Gombe,2024,30,July,14.0,0.0,0.0,4.0,25.0,8.0,0.0,,,,,,B,reassembled,text_cluster_ocr,https://ncdc.gov.ng/themes/common/files/sitreps/948dcfc7e81056bf460d69f4093c5138.pdf,True
Gombe,2024,31,August,14.0,0.0,0.0,4.0,25.0,8.0,0.0,,,,,,B,reassembled,text_cluster_plaintext,https://ncdc.gov.ng/themes/common/files/sitreps/62e4eab2da2c97145370a0666fb349d3.pdf,True
Gombe,2024,32,August,14.0,0.0,0.0,4.0,25.0,8.0,0.0,,,,,,B,reassembled,text_cluster_plaintext,https://ncdc.gov.ng/themes/common/files/sitreps/67555f6acf99208233aafb5590b1088f.pdf,True
Gombe,2024,33,August,14.0,0.0,0.0,4.0,25.0,8.0,0.0,,,,,,B,reassembled,text_cluster_plaintext,https://ncdc.gov.ng/themes/common/files/sitreps/ec8df9ac6829a5efa14fde05e73efa5e.pdf,True
Gombe,2024,34,August,14.0,0.0,0.0,4.0,25.0,8.0,0.0,,,,,,B,reassembled,text_cluster_plaintext,https://ncdc.gov.ng/themes/common/files/sitreps/ac3ce9fa88f131df7fd3f8881425d676.pdf,True
Gombe,2024,36,September,16.0,0.0,0.0,4.0,25.0,9.0,0.0,,,,,,B,reassembled,text_cluster_plaintext,https://ncdc.gov.ng/themes/common/files/sitreps/b92cb2fa6b913e6a049977d412a98049.pdf,True
Gombe,2024,37,September,16.0,0.0,0.0,4.0,25.0,9.0,0.0,,,,,,B,reassembled,text_cluster_plaintext,https://ncdc.gov.ng/themes/common/files/sitreps/bb3359fefc78953c99b460c4f11d4655.pdf,True
Gombe,2024,38,September,7.0,0.0,0.0,6.0,0.0,4.0,75.0,,,,,,B,reassembled,text_cluster_plaintext,https://ncdc.gov.ng/themes/common/files/sitreps/26ff8c2ef2a8971b754ea6183c360f46.pdf,False
Gombe,2024,39,September,16.0,0.0,0.0,4.0,25.0,9.0,0.0,,,,,,B,reassembled,text_cluster_plaintext,https://ncdc.gov.ng/themes/common/files/sitreps/b58818569b47a3a71970b3635abee00a.pdf,True
Imo,2024,12,March,3.0,0.0,0.0,3.0,0.0,,,,,,,,B,reassembled,text_cluster_ocr,https://ncdc.gov.ng/themes/common/files/sitreps/ff94f80a9171582287b63df547e782a0.pdf,True
Imo,2024,17,April,25.0,0.0,0.0,7.0,0.0,,,,,,,,B,reassembled,text_cluster_ocr,https://ncdc.gov.ng/themes/common/files/sitreps/7afa8d786ff9ef15246de64fbdc59cec.pdf,True
Imo,2024,22,May,28.0,0.0,0.0,2.0,0.0,7.0,0.0,,,,,,B,reassembled,text_cluster_ocr,https://ncdc.gov.ng/themes/common/files/sitreps/1ac97f89c12c6fa3e2600a90d4ce6dc8.pdf,True
Imo,2024,23,June,28.0,0.0,0.0,2.0,0.0,7.0,0.0,,,,,,B,reassembled,text_cluster_plaintext,https://ncdc.gov.ng/themes/common/files/sitreps/dc7b7c4e4ee6982b93d5cea70d770704.pdf,True
Imo,2024,24,June,28.0,0.0,0.0,2.0,0.0,7.0,0.0,,,,,,B,reassembled,text_cluster_plaintext,https://ncdc.gov.ng/themes/common/files/sitreps/a8f7fd0ce5bbccf0ba161da70d8715cb.pdf,True
Imo,2024,25,June,28.0,0.0,0.0,2.0,0.0,7.0,0.0,,,,,,B,reassembled,text_cluster_plaintext,https://ncdc.gov.ng/themes/common/files/sitreps/790b8fab2b6d4f793cb3bcb012358ee1.pdf,True
Imo,2024,26,June,28.0,0.0,0.0,2.0,0.0,7.0,0.0,,,,,,B,reassembled,text_cluster_plaintext,https://ncdc.gov.ng/themes/common/files/sitreps/427151e2a0d4f38eb7bfe4c537ca90b8.pdf,True
Imo,2024,27,July,28.0,0.0,0.0,2.0,0.0,7.0,0.0,,,,,,B,reassembled,text_cluster_plaintext,https://ncdc.gov.ng/themes/common/files/sitreps/f99ab9adf0f26a1ccc796d7610d40b9c.pdf,True
Imo,2024,29,July,36.0,0.0,0.0,10.0,0.0,7.0,0.0,,,,,,B,reassembled,text_cluster_plaintext,https://ncdc.gov.ng/themes/common/files/sitreps/2c93d23eabd9ac41e2d998c311fbc997.pdf,True
Imo,2024,30,July,73.0,0.0,0.0,47.0,2.0,7.0,0.0,,,,,,B,reassembled,text_cluster_ocr,https://ncdc.gov.ng/themes/common/files/sitreps/948dcfc7e81056bf460d69f4093c5138.pdf,True
Imo,2024,31,August,78.0,0.0,0.0,47.0,2.0,7.0,0.0,,,,,,B,reassembled,text_cluster_plaintext,https://ncdc.gov.ng/themes/common/files/sitreps/62e4eab2da2c97145370a0666fb349d3.pdf,True
Imo,2024,32,August,80.0,0.0,0.0,47.0,2.0,9.0,0.0,,,,,,B,reassembled,text_cluster_plaintext,https://ncdc.gov.ng/themes/common/files/sitreps/67555f6acf99208233aafb5590b1088f.pdf,True
Imo,2024,33,August,80.0,0.0,0.0,47.0,2.0,9.0,0.0,,,,,,B,reassembled,text_cluster_plaintext,https://ncdc.gov.ng/themes/common/files/sitreps/ec8df9ac6829a5efa14fde05e73efa5e.pdf,True
Imo,2024,34,August,88.0,0.0,0.0,47.0,2.0,9.0,0.0,,,,,,B,reassembled,text_cluster_plaintext,https://ncdc.gov.ng/themes/common/files/sitreps/ac3ce9fa88f131df7fd3f8881425d676.pdf,True
Imo,2024,35,August,88.0,0.0,0.0,47.0,2.0,9.0,0.0,,,,,,B,reassembled,text_cluster_plaintext,https://ncdc.gov.ng/themes/common/files/sitreps/4106b79ecb34c2fe4eab6b6731780e50.pdf,True
Imo,2024,36,September,88.0,0.0,0.0,47.0,2.0,9.0,0.0,,,,,,B,reassembled,text_cluster_plaintext,https://ncdc.gov.ng/themes/common/files/sitreps/b92cb2fa6b913e6a049977d412a98049.pdf,True
Imo,2024,37,September,88.0,0.0,0.0,47.0,2.0,9.0,0.0,,,,,,B,reassembled,text_cluster_plaintext,https://ncdc.gov.ng/themes/common/files/sitreps/bb3359fefc78953c99b460c4f11d4655.pdf,True
Imo,2024,39,September,90.0,0.0,0.0,48.0,2.0,9.0,0.0,,,,,,B,reassembled,text_cluster_plaintext,https://ncdc.gov.ng/themes/common/files/sitreps/b58818569b47a3a71970b3635abee00a.pdf,True
Jigawa,2024,17,April,3.0,0.0,0.0,,,,,,,,,,B,reassembled,text_cluster_ocr,https://ncdc.gov.ng/themes/common/files/sitreps/7afa8d786ff9ef15246de64fbdc59cec.pdf,True
Jigawa,2024,22,May,3.0,0.0,0.0,,,,,,,,,,B,reassembled,text_cluster_ocr,https://ncdc.gov.ng/themes/common/files/sitreps/1ac97f89c12c6fa3e2600a90d4ce6dc8.pdf,True
Jigawa,2024,23,June,3.0,0.0,0.0,,,,,,,,,,B,reassembled,text_cluster_plaintext,https://ncdc.gov.ng/themes/common/files/sitreps/dc7b7c4e4ee6982b93d5cea70d770704.pdf,True
Jigawa,2024,24,June,3.0,0.0,0.0,,,,,,,,,,B,reassembled,text_cluster_plaintext,https://ncdc.gov.ng/themes/common/files/sitreps/a8f7fd0ce5bbccf0ba161da70d8715cb.pdf,True
Jigawa,2024,25,June,3.0,0.0,0.0,,,,,,,,,,B,reassembled,text_cluster_plaintext,https://ncdc.gov.ng/themes/common/files/sitreps/790b8fab2b6d4f793cb3bcb012358ee1.pdf,True
Jigawa,2024,26,June,3.0,0.0,0.0,,,,,,,,,,B,reassembled,text_cluster_plaintext,https://ncdc.gov.ng/themes/common/files/sitreps/427151e2a0d4f38eb7bfe4c537ca90b8.pdf,True
Jigawa,2024,27,July,8.0,0.0,0.0,5.0,0.0,,,,,,,,B,reassembled,text_cluster_plaintext,https://ncdc.gov.ng/themes/common/files/sitreps/f99ab9adf0f26a1ccc796d7610d40b9c.pdf,True
Jigawa,2024,28,July,8.0,0.0,0.0,5.0,0.0,,,,,,,,B,reassembled,text_cluster_plaintext,https://ncdc.gov.ng/themes/common/files/sitreps/54d4f611487e13ad9b18dc0586628e47.pdf,True
Jigawa,2024,29,July,8.0,0.0,0.0,5.0,0.0,,,,,,,,B,reassembled,text_cluster_plaintext,https://ncdc.gov.ng/themes/common/files/sitreps/2c93d23eabd9ac41e2d998c311fbc997.pdf,True
Jigawa,2024,31,August,70.0,3.0,4.3,4.0,0.0,5.0,0.0,,,,,,B,high,text_cluster_plaintext,https://ncdc.gov.ng/themes/common/files/sitreps/62e4eab2da2c97145370a0666fb349d3.pdf,True
Jigawa,2024,32,August,70.0,3.0,4.3,4.0,0.0,5.0,0.0,,,,,,B,high,text_cluster_plaintext,https://ncdc.gov.ng/themes/common/files/sitreps/67555f6acf99208233aafb5590b1088f.pdf,True
Jigawa,2024,33,August,70.0,3.0,4.3,4.0,0.0,5.0,0.0,,,,,,B,high,text_cluster_plaintext,https://ncdc.gov.ng/themes/common/files/sitreps/ec8df9ac6829a5efa14fde05e73efa5e.pdf,True
Jigawa,2024,34,August,117.0,11.0,9.4,5.0,0.0,5.0,0.0,,,,,,B,reassembled,text_cluster_plaintext,https://ncdc.gov.ng/themes/common/files/sitreps/ac3ce9fa88f131df7fd3f8881425d676.pdf,True
Jigawa,2024,35,August,143.0,11.0,7.7,5.0,0.0,6.0,17.0,,,,,,B,reassembled,text_cluster_plaintext,https://ncdc.gov.ng/themes/common/files/sitreps/4106b79ecb34c2fe4eab6b6731780e50.pdf,True
Jigawa,2024,36,September,354.0,23.0,6.5,55.0,22.0,12.0,33.0,,,,,,B,reassembled,text_cluster_plaintext,https://ncdc.gov.ng/themes/common/files/sitreps/b92cb2fa6b913e6a049977d412a98049.pdf,True
Jigawa,2024,37,September,698.0,42.0,6.0,130.0,17.0,70.0,7.0,,,,,,B,reassembled,text_cluster_plaintext,https://ncdc.gov.ng/themes/common/files/sitreps/bb3359fefc78953c99b460c4f11d4655.pdf,True
Jigawa,2024,38,September,868.0,46.0,5.3,137.0,17.0,46.0,11.0,,,,,,B,reassembled,text_cluster_plaintext,https://ncdc.gov.ng/themes/common/files/sitreps/26ff8c2ef2a8971b754ea6183c360f46.pdf,True
Jigawa,2024,39,September,870.0,52.0,6.0,87.0,24.0,28.0,18.0,,,,,,B,reassembled,text_cluster_plaintext,https://ncdc.gov.ng/themes/common/files/sitreps/b58818569b47a3a71970b3635abee00a.pdf,True
Kaduna,2024,28,July,5.0,0.0,0.0,3.0,0.0,,,,,,,,B,reassembled,text_cluster_plaintext,https://ncdc.gov.ng/themes/common/files/sitreps/54d4f611487e13ad9b18dc0586628e47.pdf,True
Kaduna,2024,29,July,5.0,0.0,0.0,3.0,0.0,,,,,,,,B,reassembled,text_cluster_plaintext,https://ncdc.gov.ng/themes/common/files/sitreps/2c93d23eabd9ac41e2d998c311fbc997.pdf,True
Kaduna,2024,31,August,9.0,0.0,0.0,3.0,0.0,,,,,,,,B,reassembled,text_cluster_plaintext,https://ncdc.gov.ng/themes/common/files/sitreps/62e4eab2da2c97145370a0666fb349d3.pdf,True
Kaduna,2024,32,August,9.0,0.0,0.0,3.0,0.0,,,,,,,,B,reassembled,text_cluster_plaintext,https://ncdc.gov.ng/themes/common/files/sitreps/67555f6acf99208233aafb5590b1088f.pdf,True
Kaduna,2024,33,August,9.0,0.0,0.0,3.0,0.0,,,,,,,,B,reassembled,text_cluster_plaintext,https://ncdc.gov.ng/themes/common/files/sitreps/ec8df9ac6829a5efa14fde05e73efa5e.pdf,True
Kaduna,2024,34,August,27.0,4.0,14.8,13.0,8.0,,,,,,,,B,high,text_cluster_plaintext,https://ncdc.gov.ng/themes/common/files/sitreps/ac3ce9fa88f131df7fd3f8881425d676.pdf,True
Kaduna,2024,35,August,32.0,5.0,15.6,17.0,6.0,8.0,50.0,,,,,,B,high,text_cluster_plaintext,https://ncdc.gov.ng/themes/common/files/sitreps/4106b79ecb34c2fe4eab6b6731780e50.pdf,True
Kaduna,2024,36,September,43.0,1.0,2.3,27.0,63.0,9.0,78.0,,,,,,B,high,text_cluster_plaintext,https://ncdc.gov.ng/themes/common/files/sitreps/b92cb2fa6b913e6a049977d412a98049.pdf,False
Kaduna,2024,37,September,68.0,3.0,4.4,37.0,57.0,19.0,58.0,,,,,,B,high,text_cluster_plaintext,https://ncdc.gov.ng/themes/common/files/sitreps/bb3359fefc78953c99b460c4f11d4655.pdf,True
Kaduna,2024,38,September,74.0,6.0,8.1,,,,,,,,,,B,high,text_cluster_plaintext,https://ncdc.gov.ng/themes/common/files/sitreps/26ff8c2ef2a8971b754ea6183c360f46.pdf,True
Kaduna,2024,39,September,74.0,3.0,4.1,34.0,62.0,16.0,69.0,,,,,,B,high,text_cluster_plaintext,https://ncdc.gov.ng/themes/common/files/sitreps/b58818569b47a3a71970b3635abee00a.pdf,False
Kano,2024,17,April,2.0,0.0,0.0,,,,,,,,,,B,reassembled,text_cluster_ocr,https://ncdc.gov.ng/themes/common/files/sitreps/7afa8d786ff9ef15246de64fbdc59cec.pdf,True
Kano,2024,22,May,13.0,1.0,7.7,,,,,,,,,,B,high,text_cluster_ocr,https://ncdc.gov.ng/themes/common/files/sitreps/1ac97f89c12c6fa3e2600a90d4ce6dc8.pdf,True
Kano,2024,23,June,13.0,1.0,7.7,,,,,,,,,,B,high,text_cluster_plaintext,https://ncdc.gov.ng/themes/common/files/sitreps/dc7b7c4e4ee6982b93d5cea70d770704.pdf,True
Kano,2024,24,June,13.0,1.0,7.7,,,,,,,,,,B,high,text_cluster_plaintext,https://ncdc.gov.ng/themes/common/files/sitreps/a8f7fd0ce5bbccf0ba161da70d8715cb.pdf,True
Kano,2024,25,June,13.0,1.0,7.7,,,,,,,,,,B,high,text_cluster_plaintext,https://ncdc.gov.ng/themes/common/files/sitreps/790b8fab2b6d4f793cb3bcb012358ee1.pdf,True
Kano,2024,26,June,13.0,1.0,7.7,,,,,,,,,,B,high,text_cluster_plaintext,https://ncdc.gov.ng/themes/common/files/sitreps/427151e2a0d4f38eb7bfe4c537ca90b8.pdf,True
Kano,2024,27,July,18.0,2.0,11.1,5.0,0.0,,,,,,,,B,high,text_cluster_plaintext,https://ncdc.gov.ng/themes/common/files/sitreps/f99ab9adf0f26a1ccc796d7610d40b9c.pdf,True
Kano,2024,28,July,21.0,2.0,9.5,7.0,29.0,,,,,,,,B,high,text_cluster_plaintext,https://ncdc.gov.ng/themes/common/files/sitreps/54d4f611487e13ad9b18dc0586628e47.pdf,True
Kano,2024,29,July,21.0,2.0,9.5,7.0,29.0,,,,,,,,B,high,text_cluster_plaintext,https://ncdc.gov.ng/themes/common/files/sitreps/2c93d23eabd9ac41e2d998c311fbc997.pdf,True
Kano,2024,30,July,29.0,3.0,10.3,7.0,29.0,,,,,,,,B,high,text_cluster_ocr,https://ncdc.gov.ng/themes/common/files/sitreps/948dcfc7e81056bf460d69f4093c5138.pdf,True
Kano,2024,31,August,46.0,5.0,10.9,10.0,30.0,,,,,,,,B,high,text_cluster_plaintext,https://ncdc.gov.ng/themes/common/files/sitreps/62e4eab2da2c97145370a0666fb349d3.pdf,True
Kano,2024,32,August,66.0,5.0,7.6,16.0,19.0,,,,,,,,B,high,text_cluster_plaintext,https://ncdc.gov.ng/themes/common/files/sitreps/67555f6acf99208233aafb5590b1088f.pdf,True
Kano,2024,33,August,66.0,5.0,7.6,16.0,19.0,,,,,,,,B,high,text_cluster_plaintext,https://ncdc.gov.ng/themes/common/files/sitreps/ec8df9ac6829a5efa14fde05e73efa5e.pdf,True
Kano,2024,34,August,73.0,6.0,8.2,16.0,19.0,,,,,,,,B,high,text_cluster_plaintext,https://ncdc.gov.ng/themes/common/files/sitreps/ac3ce9fa88f131df7fd3f8881425d676.pdf,True
Kano,2024,35,August,77.0,6.0,7.8,16.0,19.0,,,,,,,,B,high,text_cluster_plaintext,https://ncdc.gov.ng/themes/common/files/sitreps/4106b79ecb34c2fe4eab6b6731780e50.pdf,True
Kano,2024,36,September,90.0,6.0,6.7,16.0,19.0,,,,,,,,B,high,text_cluster_plaintext,https://ncdc.gov.ng/themes/common/files/sitreps/b92cb2fa6b913e6a049977d412a98049.pdf,True
Kano,2024,37,September,90.0,6.0,6.7,16.0,19.0,,,,,,,,B,high,text_cluster_plaintext,https://ncdc.gov.ng/themes/common/files/sitreps/bb3359fefc78953c99b460c4f11d4655.pdf,True
Kano,2024,38,September,214.0,9.0,4.2,52.0,46.0,16.0,69.0,,,,,,B,reassembled,text_cluster_plaintext,https://ncdc.gov.ng/themes/common/files/sitreps/26ff8c2ef2a8971b754ea6183c360f46.pdf,True
Kano,2024,39,September,809.0,46.0,5.7,60.0,32.0,22.0,55.0,,,,,,B,reassembled,text_cluster_plaintext,https://ncdc.gov.ng/themes/common/files/sitreps/b58818569b47a3a71970b3635abee00a.pdf,True
Katsina,2024,17,April,26.0,1.0,3.8,3.0,0.0,,,,,,,,B,high,text_cluster_ocr,https://ncdc.gov.ng/themes/common/files/sitreps/7afa8d786ff9ef15246de64fbdc59cec.pdf,True
Katsina,2024,22,May,28.0,2.0,7.1,4.0,0.0,,,,,,,,B,high,text_cluster_ocr,https://ncdc.gov.ng/themes/common/files/sitreps/1ac97f89c12c6fa3e2600a90d4ce6dc8.pdf,True
Katsina,2024,23,June,43.0,3.0,7.0,7.0,0.0,,,,,,,,B,high,text_cluster_plaintext,https://ncdc.gov.ng/themes/common/files/sitreps/dc7b7c4e4ee6982b93d5cea70d770704.pdf,True
Katsina,2024,24,June,43.0,3.0,7.0,7.0,0.0,,,,,,,,B,high,text_cluster_plaintext,https://ncdc.gov.ng/themes/common/files/sitreps/a8f7fd0ce5bbccf0ba161da70d8715cb.pdf,True
Katsina,2024,25,June,45.0,3.0,6.7,7.0,0.0,,,,,,,,B,high,text_cluster_plaintext,https://ncdc.gov.ng/themes/common/files/sitreps/790b8fab2b6d4f793cb3bcb012358ee1.pdf,True
Katsina,2024,26,June,45.0,3.0,6.7,7.0,0.0,,,,,,,,B,high,text_cluster_plaintext,https://ncdc.gov.ng/themes/common/files/sitreps/427151e2a0d4f38eb7bfe4c537ca90b8.pdf,True
Katsina,2024,27,July,88.0,3.0,3.4,10.0,0.0,6.0,17.0,,,,,,B,high,text_cluster_plaintext,https://ncdc.gov.ng/themes/common/files/sitreps/f99ab9adf0f26a1ccc796d7610d40b9c.pdf,True
Katsina,2024,28,July,266.0,2.0,0.8,59.0,5.0,45.0,4.0,,,,,,B,high,text_cluster_plaintext,https://ncdc.gov.ng/themes/common/files/sitreps/54d4f611487e13ad9b18dc0586628e47.pdf,False
Katsina,2024,29,July,266.0,7.0,2.6,59.0,5.0,45.0,4.0,,,,,,B,high,text_cluster_plaintext,https://ncdc.gov.ng/themes/common/files/sitreps/2c93d23eabd9ac41e2d998c311fbc997.pdf,True
Katsina,2024,30,July,298.0,7.0,2.3,60.0,5.0,45.0,4.0,,,,,,B,high,text_cluster_ocr,https://ncdc.gov.ng/themes/common/files/sitreps/948dcfc7e81056bf460d69f4093c5138.pdf,True
Katsina,2024,31,August,314.0,7.0,2.2,61.0,5.0,45.0,4.0,,,,,,B,reassembled,text_cluster_plaintext,https://ncdc.gov.ng/themes/common/files/sitreps/62e4eab2da2c97145370a0666fb349d3.pdf,True
Katsina,2024,32,August,319.0,7.0,2.2,61.0,5.0,45.0,4.0,,,,,,B,reassembled,text_cluster_plaintext,https://ncdc.gov.ng/themes/common/files/sitreps/67555f6acf99208233aafb5590b1088f.pdf,True
Katsina,2024,33,August,319.0,7.0,2.2,61.0,5.0,45.0,4.0,,,,,,B,reassembled,text_cluster_plaintext,https://ncdc.gov.ng/themes/common/files/sitreps/ec8df9ac6829a5efa14fde05e73efa5e.pdf,True
Katsina,2024,34,August,365.0,9.0,2.5,65.0,5.0,46.0,4.0,,,,,,B,reassembled,text_cluster_plaintext,https://ncdc.gov.ng/themes/common/files/sitreps/ac3ce9fa88f131df7fd3f8881425d676.pdf,True
Katsina,2024,35,August,419.0,10.0,2.4,65.0,5.0,50.0,6.0,,,,,,B,reassembled,text_cluster_plaintext,https://ncdc.gov.ng/themes/common/files/sitreps/4106b79ecb34c2fe4eab6b6731780e50.pdf,True
Katsina,2024,36,September,545.0,12.0,2.2,76.0,4.0,50.0,6.0,,,,,,B,reassembled,text_cluster_plaintext,https://ncdc.gov.ng/themes/common/files/sitreps/b92cb2fa6b913e6a049977d412a98049.pdf,True
Katsina,2024,37,September,545.0,12.0,2.2,76.0,4.0,50.0,6.0,,,,,,B,reassembled,text_cluster_plaintext,https://ncdc.gov.ng/themes/common/files/sitreps/bb3359fefc78953c99b460c4f11d4655.pdf,True
Katsina,2024,38,September,558.0,23.0,4.1,68.0,4.0,50.0,6.0,,,,,,B,reassembled,text_cluster_plaintext,https://ncdc.gov.ng/themes/common/files/sitreps/26ff8c2ef2a8971b754ea6183c360f46.pdf,True
Katsina,2024,39,September,559.0,12.0,2.1,76.0,4.0,64.0,20.0,,,,,,B,reassembled,text_cluster_plaintext,https://ncdc.gov.ng/themes/common/files/sitreps/b58818569b47a3a71970b3635abee00a.pdf,False
Kebbi,2024,17,April,2.0,0.0,0.0,,,,,,,,,,B,reassembled,text_cluster_ocr,https://ncdc.gov.ng/themes/common/files/sitreps/7afa8d786ff9ef15246de64fbdc59cec.pdf,True
Kebbi,2024,22,May,2.0,0.0,0.0,,,,,,,,,,B,reassembled,text_cluster_ocr,https://ncdc.gov.ng/themes/common/files/sitreps/1ac97f89c12c6fa3e2600a90d4ce6dc8.pdf,True
Kebbi,2024,23,June,2.0,0.0,0.0,,,,,,,,,,B,reassembled,text_cluster_plaintext,https://ncdc.gov.ng/themes/common/files/sitreps/dc7b7c4e4ee6982b93d5cea70d770704.pdf,True
Kebbi,2024,24,June,2.0,0.0,0.0,,,,,,,,,,B,reassembled,text_cluster_plaintext,https://ncdc.gov.ng/themes/common/files/sitreps/a8f7fd0ce5bbccf0ba161da70d8715cb.pdf,True
Kebbi,2024,25,June,2.0,0.0,0.0,,,,,,,,,,B,reassembled,text_cluster_plaintext,https://ncdc.gov.ng/themes/common/files/sitreps/790b8fab2b6d4f793cb3bcb012358ee1.pdf,True
Kebbi,2024,26,June,2.0,0.0,0.0,,,,,,,,,,B,reassembled,text_cluster_plaintext,https://ncdc.gov.ng/themes/common/files/sitreps/427151e2a0d4f38eb7bfe4c537ca90b8.pdf,True
Kebbi,2024,27,July,2.0,0.0,0.0,,,,,,,,,,B,reassembled,text_cluster_plaintext,https://ncdc.gov.ng/themes/common/files/sitreps/f99ab9adf0f26a1ccc796d7610d40b9c.pdf,True
Kebbi,2024,28,July,2.0,0.0,0.0,,,,,,,,,,B,reassembled,text_cluster_plaintext,https://ncdc.gov.ng/themes/common/files/sitreps/54d4f611487e13ad9b18dc0586628e47.pdf,True
Kebbi,2024,29,July,2.0,0.0,0.0,,,,,,,,,,B,reassembled,text_cluster_plaintext,https://ncdc.gov.ng/themes/common/files/sitreps/2c93d23eabd9ac41e2d998c311fbc997.pdf,True
Kebbi,2024,31,August,22.0,0.0,0.0,11.0,0.0,,,,,,,,B,reassembled,text_cluster_plaintext,https://ncdc.gov.ng/themes/common/files/sitreps/62e4eab2da2c97145370a0666fb349d3.pdf,True
Kebbi,2024,32,August,22.0,0.0,0.0,11.0,0.0,,,,,,,,B,reassembled,text_cluster_plaintext,https://ncdc.gov.ng/themes/common/files/sitreps/67555f6acf99208233aafb5590b1088f.pdf,True
Kebbi,2024,33,August,22.0,0.0,0.0,11.0,0.0,,,,,,,,B,reassembled,text_cluster_plaintext,https://ncdc.gov.ng/themes/common/files/sitreps/ec8df9ac6829a5efa14fde05e73efa5e.pdf,True
Kebbi,2024,34,August,22.0,0.0,0.0,11.0,0.0,,,,,,,,B,reassembled,text_cluster_plaintext,https://ncdc.gov.ng/themes/common/files/sitreps/ac3ce9fa88f131df7fd3f8881425d676.pdf,True
Kebbi,2024,35,August,22.0,0.0,0.0,11.0,0.0,4.0,0.0,,,,,,B,reassembled,text_cluster_plaintext,https://ncdc.gov.ng/themes/common/files/sitreps/4106b79ecb34c2fe4eab6b6731780e50.pdf,True
Kebbi,2024,36,September,22.0,0.0,0.0,11.0,0.0,4.0,0.0,,,,,,B,reassembled,text_cluster_plaintext,https://ncdc.gov.ng/themes/common/files/sitreps/b92cb2fa6b913e6a049977d412a98049.pdf,True
Kebbi,2024,37,September,22.0,0.0,0.0,11.0,0.0,4.0,0.0,,,,,,B,reassembled,text_cluster_plaintext,https://ncdc.gov.ng/themes/common/files/sitreps/bb3359fefc78953c99b460c4f11d4655.pdf,True
Kebbi,2024,38,September,27.0,0.0,0.0,2.0,0.0,,,,,,,,B,reassembled,text_cluster_plaintext,https://ncdc.gov.ng/themes/common/files/sitreps/26ff8c2ef2a8971b754ea6183c360f46.pdf,True
Kebbi,2024,39,September,83.0,0.0,0.0,11.0,0.0,9.0,33.0,,,,,,B,reassembled,text_cluster_plaintext,https://ncdc.gov.ng/themes/common/files/sitreps/b58818569b47a3a71970b3635abee00a.pdf,True
Kogi,2024,31,August,21.0,0.0,0.0,21.0,10.0,19.0,42.0,,,,,,B,reassembled,text_cluster_plaintext,https://ncdc.gov.ng/themes/common/files/sitreps/62e4eab2da2c97145370a0666fb349d3.pdf,True
Kogi,2024,32,August,21.0,0.0,0.0,21.0,10.0,20.0,40.0,,,,,,B,reassembled,text_cluster_plaintext,https://ncdc.gov.ng/themes/common/files/sitreps/67555f6acf99208233aafb5590b1088f.pdf,True
Kogi,2024,33,August,21.0,0.0,0.0,21.0,10.0,20.0,40.0,,,,,,B,reassembled,text_cluster_plaintext,https://ncdc.gov.ng/themes/common/files/sitreps/ec8df9ac6829a5efa14fde05e73efa5e.pdf,True
Kogi,2024,34,August,21.0,0.0,0.0,21.0,10.0,20.0,40.0,,,,,,B,reassembled,text_cluster_plaintext,https://ncdc.gov.ng/themes/common/files/sitreps/ac3ce9fa88f131df7fd3f8881425d676.pdf,True
Kogi,2024,35,August,21.0,0.0,0.0,21.0,10.0,20.0,40.0,,,,,,B,reassembled,text_cluster_plaintext,https://ncdc.gov.ng/themes/common/files/sitreps/4106b79ecb34c2fe4eab6b6731780e50.pdf,True
Kogi,2024,36,September,24.0,0.0,0.0,24.0,8.0,23.0,35.0,,,,,,B,reassembled,text_cluster_plaintext,https://ncdc.gov.ng/themes/common/files/sitreps/b92cb2fa6b913e6a049977d412a98049.pdf,True
Kogi,2024,37,September,24.0,0.0,0.0,24.0,8.0,23.0,35.0,,,,,,B,reassembled,text_cluster_plaintext,https://ncdc.gov.ng/themes/common/files/sitreps/bb3359fefc78953c99b460c4f11d4655.pdf,True
Kogi,2024,38,September,25.0,2.0,8.0,5.0,0.0,,,,,,,,B,high,text_cluster_plaintext,https://ncdc.gov.ng/themes/common/files/sitreps/26ff8c2ef2a8971b754ea6183c360f46.pdf,True
Kogi,2024,39,September,25.0,0.0,0.0,25.0,8.0,25.0,36.0,,,,,,B,reassembled,text_cluster_plaintext,https://ncdc.gov.ng/themes/common/files/sitreps/b58818569b47a3a71970b3635abee00a.pdf,False
Kwara,2024,23,June,2.0,0.0,0.0,1.0,0.0,,,,,,,,B,reassembled,text_cluster_plaintext,https://ncdc.gov.ng/themes/common/files/sitreps/dc7b7c4e4ee6982b93d5cea70d770704.pdf,True
Kwara,2024,24,June,2.0,0.0,0.0,1.0,0.0,,,,,,,,B,reassembled,text_cluster_plaintext,https://ncdc.gov.ng/themes/common/files/sitreps/a8f7fd0ce5bbccf0ba161da70d8715cb.pdf,True
Kwara,2024,25,June,2.0,0.0,0.0,1.0,0.0,,,,,,,,B,reassembled,text_cluster_plaintext,https://ncdc.gov.ng/themes/common/files/sitreps/790b8fab2b6d4f793cb3bcb012358ee1.pdf,True
Kwara,2024,26,June,2.0,0.0,0.0,1.0,0.0,,,,,,,,B,reassembled,text_cluster_plaintext,https://ncdc.gov.ng/themes/common/files/sitreps/427151e2a0d4f38eb7bfe4c537ca90b8.pdf,True
Kwara,2024,27,July,2.0,0.0,0.0,1.0,0.0,,,,,,,,B,reassembled,text_cluster_plaintext,https://ncdc.gov.ng/themes/common/files/sitreps/f99ab9adf0f26a1ccc796d7610d40b9c.pdf,True
Kwara,2024,28,July,2.0,0.0,0.0,1.0,0.0,,,,,,,,B,reassembled,text_cluster_plaintext,https://ncdc.gov.ng/themes/common/files/sitreps/54d4f611487e13ad9b18dc0586628e47.pdf,True
Kwara,2024,29,July,2.0,0.0,0.0,1.0,0.0,,,,,,,,B,reassembled,text_cluster_plaintext,https://ncdc.gov.ng/themes/common/files/sitreps/2c93d23eabd9ac41e2d998c311fbc997.pdf,True
Kwara,2024,31,August,5.0,0.0,0.0,3.0,0.0,1.0,0.0,,,,,,B,reassembled,text_cluster_plaintext,https://ncdc.gov.ng/themes/common/files/sitreps/62e4eab2da2c97145370a0666fb349d3.pdf,True
Kwara,2024,33,August,16.0,0.0,0.0,14.0,0.0,1.0,0.0,,,,,,B,reassembled,text_cluster_plaintext,https://ncdc.gov.ng/themes/common/files/sitreps/ec8df9ac6829a5efa14fde05e73efa5e.pdf,True
Kwara,2024,34,August,16.0,0.0,0.0,14.0,0.0,1.0,0.0,,,,,,B,reassembled,text_cluster_plaintext,https://ncdc.gov.ng/themes/common/files/sitreps/ac3ce9fa88f131df7fd3f8881425d676.pdf,True
Kwara,2024,35,August,16.0,0.0,0.0,14.0,0.0,2.0,0.0,,,,,,B,reassembled,text_cluster_plaintext,https://ncdc.gov.ng/themes/common/files/sitreps/4106b79ecb34c2fe4eab6b6731780e50.pdf,True
Kwara,2024,36,September,16.0,0.0,0.0,14.0,0.0,2.0,0.0,,,,,,B,reassembled,text_cluster_plaintext,https://ncdc.gov.ng/themes/common/files/sitreps/b92cb2fa6b913e6a049977d412a98049.pdf,True
Kwara,2024,37,September,16.0,0.0,0.0,14.0,0.0,2.0,0.0,,,,,,B,reassembled,text_cluster_plaintext,https://ncdc.gov.ng/themes/common/files/sitreps/bb3359fefc78953c99b460c4f11d4655.pdf,True
Kwara,2024,38,September,16.0,0.0,0.0,2.0,0.0,1.0,0.0,,,,,,B,reassembled,text_cluster_plaintext,https://ncdc.gov.ng/themes/common/files/sitreps/26ff8c2ef2a8971b754ea6183c360f46.pdf,True
Kwara,2024,39,September,16.0,0.0,0.0,14.0,0.0,2.0,0.0,,,,,,B,reassembled,text_cluster_plaintext,https://ncdc.gov.ng/themes/common/files/sitreps/b58818569b47a3a71970b3635abee00a.pdf,True
Lagos,2024,17,April,1.0,1.0,100.0,1.0,0.0,,,,,,,,B,high,text_cluster_ocr,https://ncdc.gov.ng/themes/common/files/sitreps/7afa8d786ff9ef15246de64fbdc59cec.pdf,True
Lagos,2024,22,May,1.0,1.0,100.0,1.0,0.0,,,,,,,,B,high,text_cluster_ocr,https://ncdc.gov.ng/themes/common/files/sitreps/1ac97f89c12c6fa3e2600a90d4ce6dc8.pdf,True
Lagos,2024,23,June,103.0,4.0,3.9,1.0,0.0,26.0,19.0,,,,,,B,high,text_cluster_plaintext,https://ncdc.gov.ng/themes/common/files/sitreps/dc7b7c4e4ee6982b93d5cea70d770704.pdf,True
Lagos,2024,24,June,433.0,23.0,5.3,4.0,50.0,81.0,33.0,,,,,,B,high,text_cluster_plaintext,https://ncdc.gov.ng/themes/common/files/sitreps/a8f7fd0ce5bbccf0ba161da70d8715cb.pdf,True
Lagos,2024,25,June,537.0,29.0,5.4,9.0,33.0,92.0,29.0,,,,,,B,high,text_cluster_plaintext,https://ncdc.gov.ng/themes/common/files/sitreps/790b8fab2b6d4f793cb3bcb012358ee1.pdf,True
Lagos,2024,26,June,1038.0,38.0,3.7,61.0,34.0,154.0,24.0,,,,,,B,high,text_cluster_plaintext,https://ncdc.gov.ng/themes/common/files/sitreps/427151e2a0d4f38eb7bfe4c537ca90b8.pdf,True
Lagos,2024,27,July,1560.0,52.0,3.3,1122.0,3.0,709.0,7.0,,,,,,B,high,text_cluster_plaintext,https://ncdc.gov.ng/themes/common/files/sitreps/f99ab9adf0f26a1ccc796d7610d40b9c.pdf,True
Lagos,2024,28,July,2303.0,74.0,3.2,1832.0,5.0,1381.0,4.0,,,,,,B,high,text_cluster_plaintext,https://ncdc.gov.ng/themes/common/files/sitreps/54d4f611487e13ad9b18dc0586628e47.pdf,True
Lagos,2024,29,July,3126.0,116.0,3.7,1999.0,6.0,1325.0,5.0,,,,,,B,high,text_cluster_plaintext,https://ncdc.gov.ng/themes/common/files/sitreps/2c93d23eabd9ac41e2d998c311fbc997.pdf,True
Lagos,2024,30,July,3416.0,121.0,3.5,1882.0,7.0,1155.0,6.0,,,,,,B,high,text_cluster_ocr,https://ncdc.gov.ng/themes/common/files/sitreps/948dcfc7e81056bf460d69f4093c5138.pdf,True
Nasarawa,2024,12,March,19.0,1.0,5.3,1.0,0.0,1.0,0.0,,,,,,B,high,text_cluster_ocr,https://ncdc.gov.ng/themes/common/files/sitreps/ff94f80a9171582287b63df547e782a0.pdf,True
Nasarawa,2024,17,April,19.0,1.0,5.3,1.0,0.0,1.0,0.0,,,,,,B,high,text_cluster_ocr,https://ncdc.gov.ng/themes/common/files/sitreps/7afa8d786ff9ef15246de64fbdc59cec.pdf,True
Nasarawa,2024,22,May,19.0,1.0,5.3,1.0,0.0,1.0,0.0,,,,,,B,high,text_cluster_ocr,https://ncdc.gov.ng/themes/common/files/sitreps/1ac97f89c12c6fa3e2600a90d4ce6dc8.pdf,True
Nasarawa,2024,23,June,19.0,1.0,5.3,1.0,0.0,1.0,0.0,,,,,,B,high,text_cluster_plaintext,https://ncdc.gov.ng/themes/common/files/sitreps/dc7b7c4e4ee6982b93d5cea70d770704.pdf,True
Nasarawa,2024,24,June,19.0,1.0,5.3,1.0,0.0,1.0,0.0,,,,,,B,high,text_cluster_plaintext,https://ncdc.gov.ng/themes/common/files/sitreps/a8f7fd0ce5bbccf0ba161da70d8715cb.pdf,True
Nasarawa,2024,25,June,19.0,1.0,5.3,1.0,0.0,1.0,0.0,,,,,,B,high,text_cluster_plaintext,https://ncdc.gov.ng/themes/common/files/sitreps/790b8fab2b6d4f793cb3bcb012358ee1.pdf,True
Nasarawa,2024,26,June,19.0,1.0,5.3,1.0,0.0,1.0,0.0,,,,,,B,high,text_cluster_plaintext,https://ncdc.gov.ng/themes/common/files/sitreps/427151e2a0d4f38eb7bfe4c537ca90b8.pdf,True
Nasarawa,2024,27,July,19.0,1.0,5.3,1.0,0.0,1.0,0.0,,,,,,B,high,text_cluster_plaintext,https://ncdc.gov.ng/themes/common/files/sitreps/f99ab9adf0f26a1ccc796d7610d40b9c.pdf,True
Nasarawa,2024,28,July,20.0,1.0,5.0,1.0,0.0,2.0,0.0,,,,,,B,high,text_cluster_plaintext,https://ncdc.gov.ng/themes/common/files/sitreps/54d4f611487e13ad9b18dc0586628e47.pdf,True
Nasarawa,2024,29,July,20.0,1.0,5.0,1.0,0.0,2.0,0.0,,,,,,B,high,text_cluster_plaintext,https://ncdc.gov.ng/themes/common/files/sitreps/2c93d23eabd9ac41e2d998c311fbc997.pdf,True
Nasarawa,2024,30,July,23.0,1.0,4.3,2.0,0.0,2.0,0.0,,,,,,B,high,text_cluster_ocr,https://ncdc.gov.ng/themes/common/files/sitreps/948dcfc7e81056bf460d69f4093c5138.pdf,True
Nasarawa,2024,31,August,23.0,1.0,4.3,2.0,0.0,2.0,0.0,,,,,,B,high,text_cluster_plaintext,https://ncdc.gov.ng/themes/common/files/sitreps/62e4eab2da2c97145370a0666fb349d3.pdf,True
Nasarawa,2024,32,August,23.0,1.0,4.3,2.0,0.0,2.0,0.0,,,,,,B,high,text_cluster_plaintext,https://ncdc.gov.ng/themes/common/files/sitreps/67555f6acf99208233aafb5590b1088f.pdf,True
Nasarawa,2024,33,August,23.0,1.0,4.3,2.0,0.0,2.0,0.0,,,,,,B,high,text_cluster_plaintext,https://ncdc.gov.ng/themes/common/files/sitreps/ec8df9ac6829a5efa14fde05e73efa5e.pdf,True
Nasarawa,2024,34,August,23.0,1.0,4.3,2.0,0.0,2.0,0.0,,,,,,B,high,text_cluster_plaintext,https://ncdc.gov.ng/themes/common/files/sitreps/ac3ce9fa88f131df7fd3f8881425d676.pdf,True
Nasarawa,2024,35,August,23.0,1.0,4.3,2.0,0.0,2.0,0.0,,,,,,B,high,text_cluster_plaintext,https://ncdc.gov.ng/themes/common/files/sitreps/4106b79ecb34c2fe4eab6b6731780e50.pdf,True
Nasarawa,2024,36,September,23.0,1.0,4.3,2.0,0.0,2.0,0.0,,,,,,B,high,text_cluster_plaintext,https://ncdc.gov.ng/themes/common/files/sitreps/b92cb2fa6b913e6a049977d412a98049.pdf,True
Nasarawa,2024,37,September,23.0,1.0,4.3,2.0,0.0,2.0,0.0,,,,,,B,high,text_cluster_plaintext,https://ncdc.gov.ng/themes/common/files/sitreps/bb3359fefc78953c99b460c4f11d4655.pdf,True
Nasarawa,2024,38,September,23.0,0.0,0.0,23.0,4.0,21.0,0.0,,,,,,B,reassembled,text_cluster_plaintext,https://ncdc.gov.ng/themes/common/files/sitreps/26ff8c2ef2a8971b754ea6183c360f46.pdf,False
Nasarawa,2024,39,September,23.0,1.0,4.3,2.0,0.0,2.0,0.0,,,,,,B,high,text_cluster_plaintext,https://ncdc.gov.ng/themes/common/files/sitreps/b58818569b47a3a71970b3635abee00a.pdf,True
Niger,2024,17,April,10.0,0.0,0.0,2.0,0.0,,,,,,,,B,reassembled,text_cluster_ocr,https://ncdc.gov.ng/themes/common/files/sitreps/7afa8d786ff9ef15246de64fbdc59cec.pdf,True
Niger,2024,22,May,11.0,0.0,0.0,2.0,0.0,,,,,,,,B,reassembled,text_cluster_ocr,https://ncdc.gov.ng/themes/common/files/sitreps/1ac97f89c12c6fa3e2600a90d4ce6dc8.pdf,True
Niger,2024,23,June,11.0,0.0,0.0,2.0,0.0,,,,,,,,B,reassembled,text_cluster_plaintext,https://ncdc.gov.ng/themes/common/files/sitreps/dc7b7c4e4ee6982b93d5cea70d770704.pdf,True
Niger,2024,24,June,11.0,0.0,0.0,2.0,0.0,,,,,,,,B,reassembled,text_cluster_plaintext,https://ncdc.gov.ng/themes/common/files/sitreps/a8f7fd0ce5bbccf0ba161da70d8715cb.pdf,True
Niger,2024,25,June,11.0,0.0,0.0,2.0,0.0,,,,,,,,B,reassembled,text_cluster_plaintext,https://ncdc.gov.ng/themes/common/files/sitreps/790b8fab2b6d4f793cb3bcb012358ee1.pdf,True
Niger,2024,26,June,11.0,0.0,0.0,2.0,0.0,,,,,,,,B,reassembled,text_cluster_plaintext,https://ncdc.gov.ng/themes/common/files/sitreps/427151e2a0d4f38eb7bfe4c537ca90b8.pdf,True
Niger,2024,28,July,15.0,0.0,0.0,3.0,0.0,2.0,0.0,,,,,,B,reassembled,text_cluster_plaintext,https://ncdc.gov.ng/themes/common/files/sitreps/54d4f611487e13ad9b18dc0586628e47.pdf,True
Niger,2024,29,July,15.0,0.0,0.0,3.0,0.0,2.0,0.0,,,,,,B,reassembled,text_cluster_plaintext,https://ncdc.gov.ng/themes/common/files/sitreps/2c93d23eabd9ac41e2d998c311fbc997.pdf,True
Niger,2024,30,July,15.0,0.0,0.0,3.0,0.0,2.0,0.0,,,,,,B,reassembled,text_cluster_ocr,https://ncdc.gov.ng/themes/common/files/sitreps/948dcfc7e81056bf460d69f4093c5138.pdf,True
Niger,2024,31,August,15.0,0.0,0.0,3.0,0.0,2.0,0.0,,,,,,B,reassembled,text_cluster_plaintext,https://ncdc.gov.ng/themes/common/files/sitreps/62e4eab2da2c97145370a0666fb349d3.pdf,True
Niger,2024,32,August,15.0,0.0,0.0,3.0,0.0,2.0,0.0,,,,,,B,reassembled,text_cluster_plaintext,https://ncdc.gov.ng/themes/common/files/sitreps/67555f6acf99208233aafb5590b1088f.pdf,True
Niger,2024,33,August,16.0,0.0,0.0,3.0,0.0,2.0,0.0,,,,,,B,reassembled,text_cluster_plaintext,https://ncdc.gov.ng/themes/common/files/sitreps/ec8df9ac6829a5efa14fde05e73efa5e.pdf,True
Niger,2024,34,August,16.0,0.0,0.0,3.0,0.0,2.0,0.0,,,,,,B,reassembled,text_cluster_plaintext,https://ncdc.gov.ng/themes/common/files/sitreps/ac3ce9fa88f131df7fd3f8881425d676.pdf,True
Niger,2024,36,September,17.0,0.0,0.0,3.0,0.0,2.0,0.0,,,,,,B,reassembled,text_cluster_plaintext,https://ncdc.gov.ng/themes/common/files/sitreps/b92cb2fa6b913e6a049977d412a98049.pdf,True
Niger,2024,37,September,17.0,0.0,0.0,3.0,0.0,2.0,0.0,,,,,,B,reassembled,text_cluster_plaintext,https://ncdc.gov.ng/themes/common/files/sitreps/bb3359fefc78953c99b460c4f11d4655.pdf,True
Niger,2024,38,September,17.0,1.0,5.9,17.0,12.0,11.0,0.0,,,,,,B,high,text_cluster_plaintext,https://ncdc.gov.ng/themes/common/files/sitreps/26ff8c2ef2a8971b754ea6183c360f46.pdf,True
Niger,2024,39,September,17.0,0.0,0.0,3.0,0.0,2.0,0.0,,,,,,B,reassembled,text_cluster_plaintext,https://ncdc.gov.ng/themes/common/files/sitreps/b58818569b47a3a71970b3635abee00a.pdf,False
Ogun,2024,12,March,2.0,0.0,0.0,1.0,0.0,,,,,,,,B,reassembled,text_cluster_ocr,https://ncdc.gov.ng/themes/common/files/sitreps/ff94f80a9171582287b63df547e782a0.pdf,True
Ogun,2024,17,April,2.0,0.0,0.0,1.0,0.0,,,,,,,,B,reassembled,text_cluster_ocr,https://ncdc.gov.ng/themes/common/files/sitreps/7afa8d786ff9ef15246de64fbdc59cec.pdf,True
Ogun,2024,22,May,2.0,0.0,0.0,1.0,0.0,,,,,,,,B,reassembled,text_cluster_ocr,https://ncdc.gov.ng/themes/common/files/sitreps/1ac97f89c12c6fa3e2600a90d4ce6dc8.pdf,True
Ogun,2024,25,June,21.0,1.0,4.8,14.0,86.0,1.0,0.0,,,,,,B,high,text_cluster_plaintext,https://ncdc.gov.ng/themes/common/files/sitreps/790b8fab2b6d4f793cb3bcb012358ee1.pdf,True
Ogun,2024,26,June,21.0,1.0,4.8,14.0,86.0,1.0,0.0,,,,,,B,high,text_cluster_plaintext,https://ncdc.gov.ng/themes/common/files/sitreps/427151e2a0d4f38eb7bfe4c537ca90b8.pdf,True
Ogun,2024,27,July,21.0,1.0,4.8,14.0,86.0,1.0,0.0,,,,,,B,high,text_cluster_plaintext,https://ncdc.gov.ng/themes/common/files/sitreps/f99ab9adf0f26a1ccc796d7610d40b9c.pdf,True
Ogun,2024,28,July,43.0,1.0,2.3,23.0,57.0,6.0,0.0,,,,,,B,high,text_cluster_plaintext,https://ncdc.gov.ng/themes/common/files/sitreps/54d4f611487e13ad9b18dc0586628e47.pdf,True
Ogun,2024,29,July,43.0,1.0,2.3,23.0,57.0,6.0,0.0,,,,,,B,high,text_cluster_plaintext,https://ncdc.gov.ng/themes/common/files/sitreps/2c93d23eabd9ac41e2d998c311fbc997.pdf,True
Ogun,2024,30,July,61.0,2.0,3.3,32.0,41.0,6.0,0.0,,,,,,B,high,text_cluster_ocr,https://ncdc.gov.ng/themes/common/files/sitreps/948dcfc7e81056bf460d69f4093c5138.pdf,True
Ogun,2024,31,August,92.0,2.0,2.2,25.0,44.0,10.0,20.0,,,,,,B,high,text_cluster_plaintext,https://ncdc.gov.ng/themes/common/files/sitreps/62e4eab2da2c97145370a0666fb349d3.pdf,True
Ogun,2024,32,August,92.0,2.0,2.2,25.0,44.0,10.0,20.0,,,,,,B,high,text_cluster_plaintext,https://ncdc.gov.ng/themes/common/files/sitreps/67555f6acf99208233aafb5590b1088f.pdf,True
Ogun,2024,33,August,115.0,3.0,2.6,25.0,44.0,10.0,20.0,,,,,,B,reassembled,text_cluster_plaintext,https://ncdc.gov.ng/themes/common/files/sitreps/ec8df9ac6829a5efa14fde05e73efa5e.pdf,True
Ogun,2024,34,August,124.0,3.0,2.4,25.0,44.0,16.0,13.0,,,,,,B,reassembled,text_cluster_plaintext,https://ncdc.gov.ng/themes/common/files/sitreps/ac3ce9fa88f131df7fd3f8881425d676.pdf,True
Ogun,2024,35,August,133.0,3.0,2.3,25.0,44.0,24.0,8.0,,,,,,B,reassembled,text_cluster_plaintext,https://ncdc.gov.ng/themes/common/files/sitreps/4106b79ecb34c2fe4eab6b6731780e50.pdf,True
Ogun,2024,36,September,133.0,3.0,2.3,25.0,44.0,24.0,8.0,,,,,,B,reassembled,text_cluster_plaintext,https://ncdc.gov.ng/themes/common/files/sitreps/b92cb2fa6b913e6a049977d412a98049.pdf,True
Ogun,2024,37,September,133.0,3.0,2.3,25.0,44.0,24.0,8.0,,,,,,B,reassembled,text_cluster_plaintext,https://ncdc.gov.ng/themes/common/files/sitreps/bb3359fefc78953c99b460c4f11d4655.pdf,True
Ogun,2024,38,September,133.0,2.0,1.5,89.0,18.0,66.0,0.0,,,,,,B,reassembled,text_cluster_plaintext,https://ncdc.gov.ng/themes/common/files/sitreps/26ff8c2ef2a8971b754ea6183c360f46.pdf,False
Ogun,2024,39,September,133.0,3.0,2.3,25.0,44.0,24.0,8.0,,,,,,B,reassembled,text_cluster_plaintext,https://ncdc.gov.ng/themes/common/files/sitreps/b58818569b47a3a71970b3635abee00a.pdf,True
Ondo,2024,22,May,17.0,0.0,0.0,6.0,50.0,8.0,13.0,,,,,,B,reassembled,text_cluster_ocr,https://ncdc.gov.ng/themes/common/files/sitreps/1ac97f89c12c6fa3e2600a90d4ce6dc8.pdf,True
Ondo,2024,23,June,17.0,0.0,0.0,6.0,50.0,8.0,13.0,,,,,,B,reassembled,text_cluster_plaintext,https://ncdc.gov.ng/themes/common/files/sitreps/dc7b7c4e4ee6982b93d5cea70d770704.pdf,True
Ondo,2024,24,June,17.0,0.0,0.0,6.0,50.0,8.0,13.0,,,,,,B,reassembled,text_cluster_plaintext,https://ncdc.gov.ng/themes/common/files/sitreps/a8f7fd0ce5bbccf0ba161da70d8715cb.pdf,True
Ondo,2024,25,June,17.0,0.0,0.0,6.0,50.0,8.0,13.0,,,,,,B,reassembled,text_cluster_plaintext,https://ncdc.gov.ng/themes/common/files/sitreps/790b8fab2b6d4f793cb3bcb012358ee1.pdf,True
Ondo,2024,26,June,17.0,0.0,0.0,6.0,50.0,8.0,13.0,,,,,,B,reassembled,text_cluster_plaintext,https://ncdc.gov.ng/themes/common/files/sitreps/427151e2a0d4f38eb7bfe4c537ca90b8.pdf,True
Ondo,2024,27,July,17.0,0.0,0.0,6.0,50.0,8.0,13.0,,,,,,B,reassembled,text_cluster_plaintext,https://ncdc.gov.ng/themes/common/files/sitreps/f99ab9adf0f26a1ccc796d7610d40b9c.pdf,True
Ondo,2024,28,July,27.0,0.0,0.0,16.0,19.0,8.0,13.0,,,,,,B,reassembled,text_cluster_plaintext,https://ncdc.gov.ng/themes/common/files/sitreps/54d4f611487e13ad9b18dc0586628e47.pdf,True
Ondo,2024,29,July,27.0,0.0,0.0,16.0,19.0,8.0,13.0,,,,,,B,reassembled,text_cluster_plaintext,https://ncdc.gov.ng/themes/common/files/sitreps/2c93d23eabd9ac41e2d998c311fbc997.pdf,True
Ondo,2024,30,July,27.0,0.0,0.0,16.0,19.0,8.0,13.0,,,,,,B,reassembled,text_cluster_ocr,https://ncdc.gov.ng/themes/common/files/sitreps/948dcfc7e81056bf460d69f4093c5138.pdf,True
Ondo,2024,31,August,27.0,0.0,0.0,16.0,19.0,8.0,13.0,,,,,,B,reassembled,text_cluster_plaintext,https://ncdc.gov.ng/themes/common/files/sitreps/62e4eab2da2c97145370a0666fb349d3.pdf,True
Ondo,2024,32,August,27.0,0.0,0.0,16.0,19.0,8.0,13.0,,,,,,B,reassembled,text_cluster_plaintext,https://ncdc.gov.ng/themes/common/files/sitreps/67555f6acf99208233aafb5590b1088f.pdf,True
Ondo,2024,33,August,39.0,1.0,2.6,23.0,17.0,8.0,13.0,,,,,,B,high,text_cluster_plaintext,https://ncdc.gov.ng/themes/common/files/sitreps/ec8df9ac6829a5efa14fde05e73efa5e.pdf,True
Ondo,2024,34,August,41.0,1.0,2.4,25.0,16.0,8.0,13.0,,,,,,B,high,text_cluster_plaintext,https://ncdc.gov.ng/themes/common/files/sitreps/ac3ce9fa88f131df7fd3f8881425d676.pdf,True
Ondo,2024,35,August,41.0,1.0,2.4,25.0,16.0,10.0,30.0,,,,,,B,high,text_cluster_plaintext,https://ncdc.gov.ng/themes/common/files/sitreps/4106b79ecb34c2fe4eab6b6731780e50.pdf,True
Ondo,2024,36,September,41.0,1.0,2.4,25.0,16.0,10.0,30.0,,,,,,B,high,text_cluster_plaintext,https://ncdc.gov.ng/themes/common/files/sitreps/b92cb2fa6b913e6a049977d412a98049.pdf,True
Ondo,2024,37,September,41.0,1.0,2.4,25.0,16.0,10.0,30.0,,,,,,B,high,text_cluster_plaintext,https://ncdc.gov.ng/themes/common/files/sitreps/bb3359fefc78953c99b460c4f11d4655.pdf,True
Ondo,2024,38,September,41.0,1.0,2.4,11.0,9.0,5.0,0.0,,,,,,B,high,text_cluster_plaintext,https://ncdc.gov.ng/themes/common/files/sitreps/26ff8c2ef2a8971b754ea6183c360f46.pdf,True
Ondo,2024,39,September,41.0,1.0,2.4,25.0,16.0,10.0,30.0,,,,,,B,high,text_cluster_plaintext,https://ncdc.gov.ng/themes/common/files/sitreps/b58818569b47a3a71970b3635abee00a.pdf,True
Osun,2024,12,March,8.0,0.0,0.0,7.0,0.0,,,,,,,,B,reassembled,text_cluster_ocr,https://ncdc.gov.ng/themes/common/files/sitreps/ff94f80a9171582287b63df547e782a0.pdf,True
Osun,2024,22,May,1.0,0.0,0.0,10.0,10.0,,,,,,,,B,reassembled,text_cluster_ocr,https://ncdc.gov.ng/themes/common/files/sitreps/1ac97f89c12c6fa3e2600a90d4ce6dc8.pdf,False
Osun,2024,23,June,11.0,0.0,0.0,10.0,10.0,,,,,,,,B,reassembled,text_cluster_plaintext,https://ncdc.gov.ng/themes/common/files/sitreps/dc7b7c4e4ee6982b93d5cea70d770704.pdf,True
Osun,2024,24,June,11.0,0.0,0.0,10.0,10.0,,,,,,,,B,reassembled,text_cluster_plaintext,https://ncdc.gov.ng/themes/common/files/sitreps/a8f7fd0ce5bbccf0ba161da70d8715cb.pdf,True
Osun,2024,25,June,11.0,0.0,0.0,10.0,10.0,,,,,,,,B,reassembled,text_cluster_plaintext,https://ncdc.gov.ng/themes/common/files/sitreps/790b8fab2b6d4f793cb3bcb012358ee1.pdf,True
Osun,2024,26,June,11.0,0.0,0.0,10.0,10.0,,,,,,,,B,reassembled,text_cluster_plaintext,https://ncdc.gov.ng/themes/common/files/sitreps/427151e2a0d4f38eb7bfe4c537ca90b8.pdf,True
Osun,2024,27,July,11.0,0.0,0.0,10.0,10.0,,,,,,,,B,reassembled,text_cluster_plaintext,https://ncdc.gov.ng/themes/common/files/sitreps/f99ab9adf0f26a1ccc796d7610d40b9c.pdf,True
Osun,2024,28,July,18.0,0.0,0.0,7.0,0.0,10.0,10.0,,,,,,B,reassembled,text_cluster_plaintext,https://ncdc.gov.ng/themes/common/files/sitreps/54d4f611487e13ad9b18dc0586628e47.pdf,True
Osun,2024,29,July,18.0,0.0,0.0,7.0,0.0,10.0,10.0,,,,,,B,reassembled,text_cluster_plaintext,https://ncdc.gov.ng/themes/common/files/sitreps/2c93d23eabd9ac41e2d998c311fbc997.pdf,True
Osun,2024,30,July,47.0,0.0,0.0,8.0,0.0,37.0,3.0,,,,,,B,reassembled,text_cluster_ocr,https://ncdc.gov.ng/themes/common/files/sitreps/948dcfc7e81056bf460d69f4093c5138.pdf,True
Osun,2024,31,August,47.0,0.0,0.0,8.0,0.0,37.0,3.0,,,,,,B,reassembled,text_cluster_plaintext,https://ncdc.gov.ng/themes/common/files/sitreps/62e4eab2da2c97145370a0666fb349d3.pdf,True
Osun,2024,32,August,47.0,0.0,0.0,8.0,0.0,37.0,3.0,,,,,,B,reassembled,text_cluster_plaintext,https://ncdc.gov.ng/themes/common/files/sitreps/67555f6acf99208233aafb5590b1088f.pdf,True
Osun,2024,33,August,47.0,0.0,0.0,8.0,0.0,37.0,3.0,,,,,,B,reassembled,text_cluster_plaintext,https://ncdc.gov.ng/themes/common/files/sitreps/ec8df9ac6829a5efa14fde05e73efa5e.pdf,True
Osun,2024,34,August,47.0,0.0,0.0,8.0,0.0,37.0,3.0,,,,,,B,reassembled,text_cluster_plaintext,https://ncdc.gov.ng/themes/common/files/sitreps/ac3ce9fa88f131df7fd3f8881425d676.pdf,True
Osun,2024,35,August,49.0,0.0,0.0,8.0,0.0,39.0,5.0,,,,,,B,reassembled,text_cluster_plaintext,https://ncdc.gov.ng/themes/common/files/sitreps/4106b79ecb34c2fe4eab6b6731780e50.pdf,True
Osun,2024,36,September,49.0,0.0,0.0,8.0,0.0,39.0,5.0,,,,,,B,reassembled,text_cluster_plaintext,https://ncdc.gov.ng/themes/common/files/sitreps/b92cb2fa6b913e6a049977d412a98049.pdf,True
Osun,2024,37,September,49.0,0.0,0.0,8.0,0.0,39.0,5.0,,,,,,B,reassembled,text_cluster_plaintext,https://ncdc.gov.ng/themes/common/files/sitreps/bb3359fefc78953c99b460c4f11d4655.pdf,True
Osun,2024,38,September,49.0,0.0,0.0,4.0,50.0,,,,,,,,B,reassembled,text_cluster_plaintext,https://ncdc.gov.ng/themes/common/files/sitreps/26ff8c2ef2a8971b754ea6183c360f46.pdf,True
Osun,2024,39,September,49.0,0.0,0.0,8.0,0.0,39.0,5.0,,,,,,B,reassembled,text_cluster_plaintext,https://ncdc.gov.ng/themes/common/files/sitreps/b58818569b47a3a71970b3635abee00a.pdf,True
Oyo,2024,25,June,2.0,0.0,0.0,,,,,,,,,,B,reassembled,text_cluster_plaintext,https://ncdc.gov.ng/themes/common/files/sitreps/790b8fab2b6d4f793cb3bcb012358ee1.pdf,True
Oyo,2024,26,June,2.0,0.0,0.0,,,,,,,,,,B,reassembled,text_cluster_plaintext,https://ncdc.gov.ng/themes/common/files/sitreps/427151e2a0d4f38eb7bfe4c537ca90b8.pdf,True
Oyo,2024,27,July,15.0,2.0,13.3,7.0,0.0,6.0,0.0,,,,,,B,high,text_cluster_plaintext,https://ncdc.gov.ng/themes/common/files/sitreps/f99ab9adf0f26a1ccc796d7610d40b9c.pdf,True
Oyo,2024,28,July,15.0,2.0,13.3,7.0,0.0,6.0,0.0,,,,,,B,high,text_cluster_plaintext,https://ncdc.gov.ng/themes/common/files/sitreps/54d4f611487e13ad9b18dc0586628e47.pdf,True
Oyo,2024,29,July,15.0,2.0,13.3,7.0,0.0,6.0,0.0,,,,,,B,high,text_cluster_plaintext,https://ncdc.gov.ng/themes/common/files/sitreps/2c93d23eabd9ac41e2d998c311fbc997.pdf,True
Oyo,2024,31,August,33.0,2.0,6.1,22.0,0.0,4.0,0.0,,,,,,B,high,text_cluster_plaintext,https://ncdc.gov.ng/themes/common/files/sitreps/62e4eab2da2c97145370a0666fb349d3.pdf,True
Oyo,2024,32,August,33.0,2.0,6.1,22.0,0.0,4.0,0.0,,,,,,B,high,text_cluster_plaintext,https://ncdc.gov.ng/themes/common/files/sitreps/67555f6acf99208233aafb5590b1088f.pdf,True
Oyo,2024,33,August,33.0,2.0,6.1,22.0,0.0,4.0,0.0,,,,,,B,high,text_cluster_plaintext,https://ncdc.gov.ng/themes/common/files/sitreps/ec8df9ac6829a5efa14fde05e73efa5e.pdf,True
Oyo,2024,34,August,33.0,2.0,6.1,22.0,0.0,4.0,0.0,,,,,,B,high,text_cluster_plaintext,https://ncdc.gov.ng/themes/common/files/sitreps/ac3ce9fa88f131df7fd3f8881425d676.pdf,True
Oyo,2024,35,August,33.0,2.0,6.1,22.0,0.0,4.0,0.0,,,,,,B,high,text_cluster_plaintext,https://ncdc.gov.ng/themes/common/files/sitreps/4106b79ecb34c2fe4eab6b6731780e50.pdf,True
Oyo,2024,36,September,33.0,2.0,6.1,22.0,0.0,4.0,0.0,,,,,,B,high,text_cluster_plaintext,https://ncdc.gov.ng/themes/common/files/sitreps/b92cb2fa6b913e6a049977d412a98049.pdf,True
Oyo,2024,37,September,76.0,17.0,22.4,24.0,4.0,10.0,10.0,,,,,,B,high,text_cluster_plaintext,https://ncdc.gov.ng/themes/common/files/sitreps/bb3359fefc78953c99b460c4f11d4655.pdf,True
Oyo,2024,38,September,128.0,3.0,2.3,44.0,9.0,66.0,8.0,,,,,,B,reassembled,text_cluster_plaintext,https://ncdc.gov.ng/themes/common/files/sitreps/26ff8c2ef2a8971b754ea6183c360f46.pdf,False
Oyo,2024,39,September,128.0,26.0,20.3,30.0,13.0,14.0,21.0,,,,,,B,reassembled,text_cluster_plaintext,https://ncdc.gov.ng/themes/common/files/sitreps/b58818569b47a3a71970b3635abee00a.pdf,True
Plateau,2024,31,August,1.0,0.0,0.0,1.0,0.0,,,,,,,,B,reassembled,text_cluster_plaintext,https://ncdc.gov.ng/themes/common/files/sitreps/62e4eab2da2c97145370a0666fb349d3.pdf,True
Plateau,2024,32,August,1.0,0.0,0.0,1.0,0.0,,,,,,,,B,reassembled,text_cluster_plaintext,https://ncdc.gov.ng/themes/common/files/sitreps/67555f6acf99208233aafb5590b1088f.pdf,True
Plateau,2024,33,August,1.0,0.0,0.0,1.0,0.0,,,,,,,,B,reassembled,text_cluster_plaintext,https://ncdc.gov.ng/themes/common/files/sitreps/ec8df9ac6829a5efa14fde05e73efa5e.pdf,True
Plateau,2024,34,August,1.0,0.0,0.0,1.0,0.0,,,,,,,,B,reassembled,text_cluster_plaintext,https://ncdc.gov.ng/themes/common/files/sitreps/ac3ce9fa88f131df7fd3f8881425d676.pdf,True
Plateau,2024,35,August,1.0,0.0,0.0,1.0,0.0,,,,,,,,B,reassembled,text_cluster_plaintext,https://ncdc.gov.ng/themes/common/files/sitreps/4106b79ecb34c2fe4eab6b6731780e50.pdf,True
Plateau,2024,36,September,1.0,0.0,0.0,1.0,0.0,,,,,,,,B,reassembled,text_cluster_plaintext,https://ncdc.gov.ng/themes/common/files/sitreps/b92cb2fa6b913e6a049977d412a98049.pdf,True
Plateau,2024,37,September,1.0,0.0,0.0,1.0,0.0,,,,,,,,B,reassembled,text_cluster_plaintext,https://ncdc.gov.ng/themes/common/files/sitreps/bb3359fefc78953c99b460c4f11d4655.pdf,True
Plateau,2024,38,September,1.0,0.0,0.0,1.0,0.0,,,,,,,,B,reassembled,text_cluster_plaintext,https://ncdc.gov.ng/themes/common/files/sitreps/26ff8c2ef2a8971b754ea6183c360f46.pdf,True
Plateau,2024,39,September,1.0,0.0,0.0,1.0,0.0,,,,,,,,B,reassembled,text_cluster_plaintext,https://ncdc.gov.ng/themes/common/files/sitreps/b58818569b47a3a71970b3635abee00a.pdf,True
Rivers,2024,23,June,36.0,8.0,22.2,2.0,50.0,2.0,50.0,,,,,,B,high,text_cluster_plaintext,https://ncdc.gov.ng/themes/common/files/sitreps/dc7b7c4e4ee6982b93d5cea70d770704.pdf,True
Rivers,2024,24,June,37.0,8.0,21.6,2.0,50.0,2.0,50.0,,,,,,B,high,text_cluster_plaintext,https://ncdc.gov.ng/themes/common/files/sitreps/a8f7fd0ce5bbccf0ba161da70d8715cb.pdf,True
Rivers,2024,25,June,37.0,8.0,21.6,2.0,50.0,2.0,50.0,,,,,,B,high,text_cluster_plaintext,https://ncdc.gov.ng/themes/common/files/sitreps/790b8fab2b6d4f793cb3bcb012358ee1.pdf,True
Rivers,2024,26,June,37.0,8.0,21.6,2.0,50.0,2.0,50.0,,,,,,B,high,text_cluster_plaintext,https://ncdc.gov.ng/themes/common/files/sitreps/427151e2a0d4f38eb7bfe4c537ca90b8.pdf,True
Rivers,2024,27,July,37.0,8.0,21.6,2.0,50.0,2.0,50.0,,,,,,B,high,text_cluster_plaintext,https://ncdc.gov.ng/themes/common/files/sitreps/f99ab9adf0f26a1ccc796d7610d40b9c.pdf,True
Rivers,2024,28,July,70.0,8.0,11.4,2.0,50.0,4.0,50.0,,,,,,B,high,text_cluster_plaintext,https://ncdc.gov.ng/themes/common/files/sitreps/54d4f611487e13ad9b18dc0586628e47.pdf,True
Rivers,2024,29,July,70.0,8.0,11.4,2.0,50.0,4.0,50.0,,,,,,B,high,text_cluster_plaintext,https://ncdc.gov.ng/themes/common/files/sitreps/2c93d23eabd9ac41e2d998c311fbc997.pdf,True
Rivers,2024,30,July,70.0,8.0,11.4,2.0,50.0,4.0,50.0,,,,,,B,high,text_cluster_ocr,https://ncdc.gov.ng/themes/common/files/sitreps/948dcfc7e81056bf460d69f4093c5138.pdf,True
Rivers,2024,31,August,70.0,8.0,11.4,2.0,50.0,4.0,50.0,,,,,,B,high,text_cluster_plaintext,https://ncdc.gov.ng/themes/common/files/sitreps/62e4eab2da2c97145370a0666fb349d3.pdf,True
Rivers,2024,32,August,74.0,8.0,10.8,2.0,50.0,9.0,67.0,,,,,,B,high,text_cluster_plaintext,https://ncdc.gov.ng/themes/common/files/sitreps/67555f6acf99208233aafb5590b1088f.pdf,True
Rivers,2024,33,August,74.0,8.0,10.8,2.0,50.0,9.0,67.0,,,,,,B,high,text_cluster_plaintext,https://ncdc.gov.ng/themes/common/files/sitreps/ec8df9ac6829a5efa14fde05e73efa5e.pdf,True
Rivers,2024,34,August,73.0,8.0,11.0,2.0,50.0,8.0,75.0,,,,,,B,high,text_cluster_plaintext,https://ncdc.gov.ng/themes/common/files/sitreps/ac3ce9fa88f131df7fd3f8881425d676.pdf,False
Rivers,2024,35,August,166.0,13.0,7.8,26.0,65.0,23.0,57.0,,,,,,B,reassembled,text_cluster_plaintext,https://ncdc.gov.ng/themes/common/files/sitreps/4106b79ecb34c2fe4eab6b6731780e50.pdf,True
Rivers,2024,36,September,166.0,13.0,7.8,26.0,65.0,23.0,57.0,,,,,,B,reassembled,text_cluster_plaintext,https://ncdc.gov.ng/themes/common/files/sitreps/b92cb2fa6b913e6a049977d412a98049.pdf,True
Rivers,2024,37,September,166.0,13.0,7.8,26.0,65.0,23.0,57.0,,,,,,B,reassembled,text_cluster_plaintext,https://ncdc.gov.ng/themes/common/files/sitreps/bb3359fefc78953c99b460c4f11d4655.pdf,True
Rivers,2024,38,September,166.0,33.0,19.9,21.0,24.0,13.0,31.0,,,,,,B,reassembled,text_cluster_plaintext,https://ncdc.gov.ng/themes/common/files/sitreps/26ff8c2ef2a8971b754ea6183c360f46.pdf,True
Rivers,2024,39,September,166.0,13.0,7.8,26.0,65.0,23.0,57.0,,,,,,B,reassembled,text_cluster_plaintext,https://ncdc.gov.ng/themes/common/files/sitreps/b58818569b47a3a71970b3635abee00a.pdf,False
Sokoto,2024,22,May,1.0,0.0,0.0,,,,,,,,,,B,reassembled,text_cluster_ocr,https://ncdc.gov.ng/themes/common/files/sitreps/1ac97f89c12c6fa3e2600a90d4ce6dc8.pdf,True
Sokoto,2024,24,June,2.0,0.0,0.0,,,,,,,,,,B,reassembled,text_cluster_plaintext,https://ncdc.gov.ng/themes/common/files/sitreps/a8f7fd0ce5bbccf0ba161da70d8715cb.pdf,True
Sokoto,2024,25,June,2.0,0.0,0.0,,,,,,,,,,B,reassembled,text_cluster_plaintext,https://ncdc.gov.ng/themes/common/files/sitreps/790b8fab2b6d4f793cb3bcb012358ee1.pdf,True
Sokoto,2024,26,June,2.0,0.0,0.0,,,,,,,,,,B,reassembled,text_cluster_plaintext,https://ncdc.gov.ng/themes/common/files/sitreps/427151e2a0d4f38eb7bfe4c537ca90b8.pdf,True
Sokoto,2024,27,July,2.0,0.0,0.0,,,,,,,,,,B,reassembled,text_cluster_plaintext,https://ncdc.gov.ng/themes/common/files/sitreps/f99ab9adf0f26a1ccc796d7610d40b9c.pdf,True
Sokoto,2024,28,July,2.0,0.0,0.0,,,,,,,,,,B,reassembled,text_cluster_plaintext,https://ncdc.gov.ng/themes/common/files/sitreps/54d4f611487e13ad9b18dc0586628e47.pdf,True
Sokoto,2024,29,July,2.0,0.0,0.0,,,,,,,,,,B,reassembled,text_cluster_plaintext,https://ncdc.gov.ng/themes/common/files/sitreps/2c93d23eabd9ac41e2d998c311fbc997.pdf,True
Sokoto,2024,31,August,42.0,0.0,0.0,6.0,0.0,,,,,,,,B,reassembled,text_cluster_plaintext,https://ncdc.gov.ng/themes/common/files/sitreps/62e4eab2da2c97145370a0666fb349d3.pdf,True
Sokoto,2024,32,August,42.0,0.0,0.0,6.0,0.0,,,,,,,,B,reassembled,text_cluster_plaintext,https://ncdc.gov.ng/themes/common/files/sitreps/67555f6acf99208233aafb5590b1088f.pdf,True
Sokoto,2024,33,August,42.0,0.0,0.0,6.0,0.0,,,,,,,,B,reassembled,text_cluster_plaintext,https://ncdc.gov.ng/themes/common/files/sitreps/ec8df9ac6829a5efa14fde05e73efa5e.pdf,True
Sokoto,2024,34,August,42.0,0.0,0.0,6.0,0.0,,,,,,,,B,reassembled,text_cluster_plaintext,https://ncdc.gov.ng/themes/common/files/sitreps/ac3ce9fa88f131df7fd3f8881425d676.pdf,True
Sokoto,2024,35,August,42.0,0.0,0.0,6.0,0.0,,,,,,,,B,reassembled,text_cluster_plaintext,https://ncdc.gov.ng/themes/common/files/sitreps/4106b79ecb34c2fe4eab6b6731780e50.pdf,True
Sokoto,2024,36,September,42.0,0.0,0.0,6.0,0.0,,,,,,,,B,reassembled,text_cluster_plaintext,https://ncdc.gov.ng/themes/common/files/sitreps/b92cb2fa6b913e6a049977d412a98049.pdf,True
Sokoto,2024,37,September,42.0,0.0,0.0,6.0,0.0,,,,,,,,B,reassembled,text_cluster_plaintext,https://ncdc.gov.ng/themes/common/files/sitreps/bb3359fefc78953c99b460c4f11d4655.pdf,True
Sokoto,2024,38,September,46.0,1.0,2.2,7.0,86.0,16.0,56.0,,,,,,B,high,text_cluster_plaintext,https://ncdc.gov.ng/themes/common/files/sitreps/26ff8c2ef2a8971b754ea6183c360f46.pdf,True
Sokoto,2024,39,September,46.0,0.0,0.0,10.0,20.0,,,,,,,,B,reassembled,text_cluster_plaintext,https://ncdc.gov.ng/themes/common/files/sitreps/b58818569b47a3a71970b3635abee00a.pdf,False
Taraba,2024,22,May,1.0,0.0,0.0,1.0,0.0,,,,,,,,B,reassembled,text_cluster_ocr,https://ncdc.gov.ng/themes/common/files/sitreps/1ac97f89c12c6fa3e2600a90d4ce6dc8.pdf,True
Taraba,2024,23,June,1.0,0.0,0.0,1.0,0.0,,,,,,,,B,reassembled,text_cluster_plaintext,https://ncdc.gov.ng/themes/common/files/sitreps/dc7b7c4e4ee6982b93d5cea70d770704.pdf,True
Taraba,2024,24,June,1.0,0.0,0.0,1.0,0.0,,,,,,,,B,reassembled,text_cluster_plaintext,https://ncdc.gov.ng/themes/common/files/sitreps/a8f7fd0ce5bbccf0ba161da70d8715cb.pdf,True
Taraba,2024,25,June,1.0,0.0,0.0,1.0,0.0,,,,,,,,B,reassembled,text_cluster_plaintext,https://ncdc.gov.ng/themes/common/files/sitreps/790b8fab2b6d4f793cb3bcb012358ee1.pdf,True
Taraba,2024,26,June,1.0,0.0,0.0,1.0,0.0,,,,,,,,B,reassembled,text_cluster_plaintext,https://ncdc.gov.ng/themes/common/files/sitreps/427151e2a0d4f38eb7bfe4c537ca90b8.pdf,True
Taraba,2024,27,July,1.0,0.0,0.0,1.0,0.0,,,,,,,,B,reassembled,text_cluster_plaintext,https://ncdc.gov.ng/themes/common/files/sitreps/f99ab9adf0f26a1ccc796d7610d40b9c.pdf,True
Taraba,2024,29,July,7.0,0.0,0.0,1.0,0.0,3.0,0.0,,,,,,B,reassembled,text_cluster_plaintext,https://ncdc.gov.ng/themes/common/files/sitreps/2c93d23eabd9ac41e2d998c311fbc997.pdf,True
Taraba,2024,31,August,9.0,0.0,0.0,1.0,0.0,4.0,0.0,,,,,,B,reassembled,text_cluster_plaintext,https://ncdc.gov.ng/themes/common/files/sitreps/62e4eab2da2c97145370a0666fb349d3.pdf,True
Taraba,2024,32,August,9.0,0.0,0.0,1.0,0.0,4.0,0.0,,,,,,B,reassembled,text_cluster_plaintext,https://ncdc.gov.ng/themes/common/files/sitreps/67555f6acf99208233aafb5590b1088f.pdf,True
Taraba,2024,33,August,9.0,0.0,0.0,1.0,0.0,4.0,0.0,,,,,,B,reassembled,text_cluster_plaintext,https://ncdc.gov.ng/themes/common/files/sitreps/ec8df9ac6829a5efa14fde05e73efa5e.pdf,True
Taraba,2024,34,August,9.0,0.0,0.0,1.0,0.0,4.0,0.0,,,,,,B,reassembled,text_cluster_plaintext,https://ncdc.gov.ng/themes/common/files/sitreps/ac3ce9fa88f131df7fd3f8881425d676.pdf,True
Taraba,2024,35,August,9.0,0.0,0.0,1.0,0.0,4.0,0.0,,,,,,B,reassembled,text_cluster_plaintext,https://ncdc.gov.ng/themes/common/files/sitreps/4106b79ecb34c2fe4eab6b6731780e50.pdf,True
Taraba,2024,36,September,9.0,0.0,0.0,1.0,0.0,4.0,0.0,,,,,,B,reassembled,text_cluster_plaintext,https://ncdc.gov.ng/themes/common/files/sitreps/b92cb2fa6b913e6a049977d412a98049.pdf,True
Taraba,2024,37,September,9.0,0.0,0.0,1.0,0.0,4.0,0.0,,,,,,B,reassembled,text_cluster_plaintext,https://ncdc.gov.ng/themes/common/files/sitreps/bb3359fefc78953c99b460c4f11d4655.pdf,True
Taraba,2024,38,September,9.0,1.0,11.1,2.0,100.0,,,,,,,,B,high,text_cluster_plaintext,https://ncdc.gov.ng/themes/common/files/sitreps/26ff8c2ef2a8971b754ea6183c360f46.pdf,True
Taraba,2024,39,September,9.0,0.0,0.0,1.0,0.0,4.0,0.0,,,,,,B,reassembled,text_cluster_plaintext,https://ncdc.gov.ng/themes/common/files/sitreps/b58818569b47a3a71970b3635abee00a.pdf,False
Yobe,2024,28,July,7.0,0.0,0.0,4.0,0.0,2.0,0.0,,,,,,B,reassembled,text_cluster_plaintext,https://ncdc.gov.ng/themes/common/files/sitreps/54d4f611487e13ad9b18dc0586628e47.pdf,True
Yobe,2024,29,July,7.0,0.0,0.0,4.0,0.0,2.0,0.0,,,,,,B,reassembled,text_cluster_plaintext,https://ncdc.gov.ng/themes/common/files/sitreps/2c93d23eabd9ac41e2d998c311fbc997.pdf,True
Yobe,2024,30,July,30.0,0.0,0.0,19.0,0.0,8.0,0.0,,,,,,B,reassembled,text_cluster_ocr,https://ncdc.gov.ng/themes/common/files/sitreps/948dcfc7e81056bf460d69f4093c5138.pdf,True
Yobe,2024,31,August,30.0,0.0,0.0,19.0,0.0,8.0,0.0,,,,,,B,reassembled,text_cluster_plaintext,https://ncdc.gov.ng/themes/common/files/sitreps/62e4eab2da2c97145370a0666fb349d3.pdf,True
Yobe,2024,32,August,30.0,0.0,0.0,19.0,0.0,8.0,0.0,,,,,,B,reassembled,text_cluster_plaintext,https://ncdc.gov.ng/themes/common/files/sitreps/67555f6acf99208233aafb5590b1088f.pdf,True
Yobe,2024,35,August,48.0,0.0,0.0,19.0,0.0,8.0,0.0,,,,,,B,reassembled,text_cluster_plaintext,https://ncdc.gov.ng/themes/common/files/sitreps/4106b79ecb34c2fe4eab6b6731780e50.pdf,True
Yobe,2024,36,September,49.0,0.0,0.0,19.0,0.0,8.0,0.0,,,,,,B,reassembled,text_cluster_plaintext,https://ncdc.gov.ng/themes/common/files/sitreps/b92cb2fa6b913e6a049977d412a98049.pdf,True
Yobe,2024,37,September,50.0,1.0,2.0,19.0,0.0,8.0,0.0,,,,,,B,high,text_cluster_plaintext,https://ncdc.gov.ng/themes/common/files/sitreps/bb3359fefc78953c99b460c4f11d4655.pdf,True
Yobe,2024,38,September,146.0,3.0,2.1,35.0,23.0,27.0,19.0,,,,,,B,reassembled,text_cluster_plaintext,https://ncdc.gov.ng/themes/common/files/sitreps/26ff8c2ef2a8971b754ea6183c360f46.pdf,True
Yobe,2024,39,September,146.0,4.0,2.7,19.0,0.0,13.0,8.0,,,,,,B,reassembled,text_cluster_plaintext,https://ncdc.gov.ng/themes/common/files/sitreps/b58818569b47a3a71970b3635abee00a.pdf,True
Zamfara,2024,17,April,64.0,0.0,0.0,,,,,,,,,,B,reassembled,text_cluster_ocr,https://ncdc.gov.ng/themes/common/files/sitreps/7afa8d786ff9ef15246de64fbdc59cec.pdf,True
Zamfara,2024,22,May,64.0,0.0,0.0,,,,,,,,,,B,reassembled,text_cluster_ocr,https://ncdc.gov.ng/themes/common/files/sitreps/1ac97f89c12c6fa3e2600a90d4ce6dc8.pdf,True
Zamfara,2024,24,June,64.0,0.0,0.0,,,,,,,,,,B,reassembled,text_cluster_plaintext,https://ncdc.gov.ng/themes/common/files/sitreps/a8f7fd0ce5bbccf0ba161da70d8715cb.pdf,True
Zamfara,2024,25,June,64.0,0.0,0.0,,,,,,,,,,B,reassembled,text_cluster_plaintext,https://ncdc.gov.ng/themes/common/files/sitreps/790b8fab2b6d4f793cb3bcb012358ee1.pdf,True
Zamfara,2024,26,June,64.0,0.0,0.0,,,,,,,,,,B,reassembled,text_cluster_plaintext,https://ncdc.gov.ng/themes/common/files/sitreps/427151e2a0d4f38eb7bfe4c537ca90b8.pdf,True
Zamfara,2024,27,July,64.0,0.0,0.0,,,,,,,,,,B,reassembled,text_cluster_plaintext,https://ncdc.gov.ng/themes/common/files/sitreps/f99ab9adf0f26a1ccc796d7610d40b9c.pdf,True
Zamfara,2024,28,July,64.0,0.0,0.0,,,,,,,,,,B,reassembled,text_cluster_plaintext,https://ncdc.gov.ng/themes/common/files/sitreps/54d4f611487e13ad9b18dc0586628e47.pdf,True
Zamfara,2024,29,July,108.0,2.0,1.9,40.0,55.0,,,,,,,,B,high,text_cluster_plaintext,https://ncdc.gov.ng/themes/common/files/sitreps/2c93d23eabd9ac41e2d998c311fbc997.pdf,True
Zamfara,2024,30,July,108.0,2.0,1.9,40.0,55.0,,,,,,,,B,high,text_cluster_ocr,https://ncdc.gov.ng/themes/common/files/sitreps/948dcfc7e81056bf460d69f4093c5138.pdf,True
Zamfara,2024,31,August,108.0,2.0,1.9,40.0,55.0,,,,,,,,B,reassembled,text_cluster_plaintext,https://ncdc.gov.ng/themes/common/files/sitreps/62e4eab2da2c97145370a0666fb349d3.pdf,True
Zamfara,2024,32,August,108.0,2.0,1.9,40.0,55.0,,,,,,,,B,reassembled,text_cluster_plaintext,https://ncdc.gov.ng/themes/common/files/sitreps/67555f6acf99208233aafb5590b1088f.pdf,True
Zamfara,2024,33,August,108.0,2.0,1.9,40.0,55.0,,,,,,,,B,reassembled,text_cluster_plaintext,https://ncdc.gov.ng/themes/common/files/sitreps/ec8df9ac6829a5efa14fde05e73efa5e.pdf,True
Zamfara,2024,34,August,210.0,2.0,1.0,65.0,60.0,,,,,,,,B,reassembled,text_cluster_plaintext,https://ncdc.gov.ng/themes/common/files/sitreps/ac3ce9fa88f131df7fd3f8881425d676.pdf,True
Zamfara,2024,35,August,210.0,2.0,1.0,65.0,60.0,,,,,,,,B,reassembled,text_cluster_plaintext,https://ncdc.gov.ng/themes/common/files/sitreps/4106b79ecb34c2fe4eab6b6731780e50.pdf,True
Zamfara,2024,36,September,210.0,2.0,1.0,65.0,60.0,,,,,,,,B,reassembled,text_cluster_plaintext,https://ncdc.gov.ng/themes/common/files/sitreps/b92cb2fa6b913e6a049977d412a98049.pdf,True
Zamfara,2024,37,September,210.0,2.0,1.0,65.0,60.0,,,,,,,,B,reassembled,text_cluster_plaintext,https://ncdc.gov.ng/themes/common/files/sitreps/bb3359fefc78953c99b460c4f11d4655.pdf,True
Zamfara,2024,38,September,322.0,6.0,1.9,65.0,60.0,7.0,14.0,,,,,,B,reassembled,text_cluster_plaintext,https://ncdc.gov.ng/themes/common/files/sitreps/26ff8c2ef2a8971b754ea6183c360f46.pdf,True
Zamfara,2024,39,September,212.0,2.0,0.9,65.0,60.0,2.0,0.0,,,,,,B,reassembled,text_cluster_plaintext,https://ncdc.gov.ng/themes/common/files/sitreps/b58818569b47a3a71970b3635abee00a.pdf,False
Abia,2025,5,February,32.0,1.0,3.1,20.0,25.0,4.0,0.0,,,,,,B,high,text_cluster_plaintext,https://ncdc.gov.ng/themes/common/files/sitreps/f84def0936bf6bd6b18a6da648c8ff1f.pdf,True
Adamawa,2025,5,February,1.0,0.0,0.0,,,,,,,,,,B,reassembled,text_cluster_plaintext,https://ncdc.gov.ng/themes/common/files/sitreps/f84def0936bf6bd6b18a6da648c8ff1f.pdf,True
Adamawa,2025,9,March,0.0,0.0,0.0,,,,,,,,,,B,high,text_cluster_ocr,https://ncdc.gov.ng/themes/common/files/sitreps/2bfedb8db1fddf6d05a6f341a0dc71e5.pdf,False
Bauchi,2025,5,February,4.0,2.0,50.0,1.0,0.0,,,,,,,,B,high,text_cluster_plaintext,https://ncdc.gov.ng/themes/common/files/sitreps/f84def0936bf6bd6b18a6da648c8ff1f.pdf,True
Bayelsa,2025,5,February,695.0,1.0,0.1,32.0,44.0,9.0,56.0,,,,,,B,reassembled,text_cluster_plaintext,https://ncdc.gov.ng/themes/common/files/sitreps/f84def0936bf6bd6b18a6da648c8ff1f.pdf,True
Benue,2025,5,February,3.0,0.0,0.0,3.0,0.0,,,,,,,,B,reassembled,text_cluster_plaintext,https://ncdc.gov.ng/themes/common/files/sitreps/f84def0936bf6bd6b18a6da648c8ff1f.pdf,True
Borno,2025,5,February,1.0,0.0,0.0,,,,,,,,,,B,reassembled,text_cluster_plaintext,https://ncdc.gov.ng/themes/common/files/sitreps/f84def0936bf6bd6b18a6da648c8ff1f.pdf,True
Borno,2025,9,March,0.0,0.0,0.0,,,,,,,,,,B,high,text_cluster_ocr,https://ncdc.gov.ng/themes/common/files/sitreps/2bfedb8db1fddf6d05a6f341a0dc71e5.pdf,False
Ekiti,2025,5,February,7.0,0.0,0.0,1.0,0.0,,,,,,,,B,reassembled,text_cluster_plaintext,https://ncdc.gov.ng/themes/common/files/sitreps/f84def0936bf6bd6b18a6da648c8ff1f.pdf,True
Ekiti,2025,9,March,0.0,0.0,0.0,,,,,,,,,,B,high,text_cluster_ocr,https://ncdc.gov.ng/themes/common/files/sitreps/2bfedb8db1fddf6d05a6f341a0dc71e5.pdf,False
Enugu,2025,9,March,0.0,0.0,0.0,,,,,,,,,,B,high,text_cluster_ocr,https://ncdc.gov.ng/themes/common/files/sitreps/2bfedb8db1fddf6d05a6f341a0dc71e5.pdf,True
Gombe,2025,5,February,10.0,0.0,0.0,5.0,40.0,,,,,,,,B,reassembled,text_cluster_plaintext,https://ncdc.gov.ng/themes/common/files/sitreps/f84def0936bf6bd6b18a6da648c8ff1f.pdf,True
Gombe,2025,9,March,0.0,0.0,0.0,,,,,,,,,,B,high,text_cluster_ocr,https://ncdc.gov.ng/themes/common/files/sitreps/2bfedb8db1fddf6d05a6f341a0dc71e5.pdf,False
Imo,2025,5,February,1.0,0.0,0.0,1.0,0.0,,,,,,,,B,reassembled,text_cluster_plaintext,https://ncdc.gov.ng/themes/common/files/sitreps/f84def0936bf6bd6b18a6da648c8ff1f.pdf,True
Imo,2025,9,March,0.0,0.0,0.0,,,,,,,,,,B,high,text_cluster_ocr,https://ncdc.gov.ng/themes/common/files/sitreps/2bfedb8db1fddf6d05a6f341a0dc71e5.pdf,False
Katsina,2025,5,February,1.0,0.0,0.0,,,,,,,,,,B,reassembled,text_cluster_plaintext,https://ncdc.gov.ng/themes/common/files/sitreps/f84def0936bf6bd6b18a6da648c8ff1f.pdf,True
Katsina,2025,9,March,0.0,0.0,0.0,,,,,,,,,,B,high,text_cluster_ocr,https://ncdc.gov.ng/themes/common/files/sitreps/2bfedb8db1fddf6d05a6f341a0dc71e5.pdf,False
Kebbi,2025,5,February,5.0,0.0,0.0,1.0,0.0,,,,,,,,B,reassembled,text_cluster_plaintext,https://ncdc.gov.ng/themes/common/files/sitreps/f84def0936bf6bd6b18a6da648c8ff1f.pdf,True
Kebbi,2025,9,March,0.0,0.0,0.0,,,,,,,,,,B,high,text_cluster_ocr,https://ncdc.gov.ng/themes/common/files/sitreps/2bfedb8db1fddf6d05a6f341a0dc71e5.pdf,False
Lagos,2025,9,March,0.0,0.0,0.0,,,,,,,,,,B,high,text_cluster_ocr,https://ncdc.gov.ng/themes/common/files/sitreps/2bfedb8db1fddf6d05a6f341a0dc71e5.pdf,True
Nasarawa,2025,9,March,0.0,0.0,0.0,,,,,,,,,,B,high,text_cluster_ocr,https://ncdc.gov.ng/themes/common/files/sitreps/2bfedb8db1fddf6d05a6f341a0dc71e5.pdf,True
Niger,2025,5,February,33.0,3.0,9.1,,,,,,,,,,B,high,text_cluster_plaintext,https://ncdc.gov.ng/themes/common/files/sitreps/f84def0936bf6bd6b18a6da648c8ff1f.pdf,True
Ondo,2025,5,February,2.0,0.0,0.0,1.0,0.0,1.0,0.0,,,,,,B,reassembled,text_cluster_plaintext,https://ncdc.gov.ng/themes/common/files/sitreps/f84def0936bf6bd6b18a6da648c8ff1f.pdf,True
Osun,2025,5,February,2.0,0.0,0.0,1.0,0.0,1.0,0.0,,,,,,B,reassembled,text_cluster_plaintext,https://ncdc.gov.ng/themes/common/files/sitreps/f84def0936bf6bd6b18a6da648c8ff1f.pdf,True
Osun,2025,9,March,1.0,0.0,0.0,2.0,0.0,,,,,,,,B,reassembled,text_cluster_ocr,https://ncdc.gov.ng/themes/common/files/sitreps/2bfedb8db1fddf6d05a6f341a0dc71e5.pdf,False
Oyo,2025,5,February,1.0,0.0,0.0,,,,,,,,,,B,reassembled,text_cluster_plaintext,https://ncdc.gov.ng/themes/common/files/sitreps/f84def0936bf6bd6b18a6da648c8ff1f.pdf,True
Oyo,2025,9,March,0.0,0.0,0.0,,,,,,,,,,B,high,text_cluster_ocr,https://ncdc.gov.ng/themes/common/files/sitreps/2bfedb8db1fddf6d05a6f341a0dc71e5.pdf,False
Rivers,2025,5,February,54.0,7.0,13.0,26.0,96.0,19.0,74.0,,,,,,B,high,text_cluster_plaintext,https://ncdc.gov.ng/themes/common/files/sitreps/f84def0936bf6bd6b18a6da648c8ff1f.pdf,True
Sokoto,2025,5,February,1.0,0.0,0.0,1.0,0.0,,,,,,,,B,reassembled,text_cluster_plaintext,https://ncdc.gov.ng/themes/common/files/sitreps/f84def0936bf6bd6b18a6da648c8ff1f.pdf,True
Sokoto,2025,9,March,0.0,0.0,0.0,,,,,,,,,,B,high,text_cluster_ocr,https://ncdc.gov.ng/themes/common/files/sitreps/2bfedb8db1fddf6d05a6f341a0dc71e5.pdf,False
Taraba,2025,9,March,0.0,0.0,0.0,,,,,,,,,,B,high,text_cluster_ocr,https://ncdc.gov.ng/themes/common/files/sitreps/2bfedb8db1fddf6d05a6f341a0dc71e5.pdf,True
Yobe,2025,5,February,1.0,0.0,0.0,,,,,,,,,,B,reassembled,text_cluster_plaintext,https://ncdc.gov.ng/themes/common/files/sitreps/f84def0936bf6bd6b18a6da648c8ff1f.pdf,True
Yobe,2025,9,March,0.0,0.0,0.0,,,,,,,,,,B,high,text_cluster_ocr,https://ncdc.gov.ng/themes/common/files/sitreps/2bfedb8db1fddf6d05a6f341a0dc71e5.pdf,False
